img_name,positive,group,split,fold
c0001.mha,False,c0001.mha,train,0
c0002.mha,False,c0002.mha,train,0
c0003.mha,False,c0003.mha,train,2
c0004.mha,False,c0004.mha,train,2
c0005.mha,False,c0005.mha,train,2
c0006.mha,False,c0006.mha,train,2
c0007.mha,False,c0007.mha,train,1
c0008.mha,False,c0008.mha,test,-1
c0009.mha,False,c0009.mha,train,2
c0010.mha,False,c0010.mha,train,0
c0011.mha,False,c0011.mha,train,0
c0012.mha,False,c0012.mha,train,0
c0013.mha,False,c0013.mha,test,-1
c0014.mha,False,c0014.mha,train,1
c0015.mha,False,c0015.mha,train,0
c0017.mha,False,c0017.mha,train,2
c0018.mha,False,c0018.mha,train,0
c0019.mha,False,c0019.mha,val,2
c0020.mha,False,c0020.mha,val,0
c0021.mha,False,c0021.mha,train,0
c0022.mha,False,c0022.mha,train,0
c0023.mha,False,c0023.mha,test,-1
c0025.mha,False,c0025.mha,train,1
c0026.mha,False,c0026.mha,val,0
c0027.mha,False,c0027.mha,train,2
c0028.mha,False,c0028.mha,train,0
c0029.mha,False,c0029.mha,test,-1
c0030.mha,False,c0030.mha,train,2
c0031.mha,False,c0031.mha,train,2
c0032.mha,False,c0032.mha,train,0
c0033.mha,False,c0033.mha,train,2
c0034.mha,False,c0034.mha,train,2
c0035.mha,False,c0035.mha,train,0
c0037.mha,False,c0037.mha,test,-1
c0038.mha,False,c0038.mha,test,-1
c0039.mha,False,c0039.mha,test,-1
c0040.mha,False,c0040.mha,val,1
c0041.mha,False,c0041.mha,train,2
c0042.mha,False,c0042.mha,train,2
c0043.mha,False,c0043.mha,train,2
c0044.mha,False,c0044.mha,train,0
c0045.mha,False,c0045.mha,train,1
c0046.mha,False,c0046.mha,train,0
c0047.mha,False,c0047.mha,train,2
c0048.mha,False,c0048.mha,train,0
c0049.mha,False,c0049.mha,train,1
c0050.mha,False,c0050.mha,val,0
c0051.mha,False,c0051.mha,train,2
c0052.mha,False,c0052.mha,train,1
c0053.mha,False,c0053.mha,test,-1
c0054.mha,False,c0054.mha,val,0
c0055.mha,False,c0055.mha,train,0
c0056.mha,False,c0056.mha,val,0
c0057.mha,False,c0057.mha,train,0
c0058.mha,False,c0058.mha,train,1
c0059.mha,False,c0059.mha,test,-1
c0060.mha,False,c0060.mha,train,2
c0061.mha,False,c0061.mha,train,2
c0064.mha,False,c0064.mha,train,0
c0065.mha,False,c0065.mha,train,0
c0066.mha,False,c0066.mha,val,1
c0067.mha,False,c0067.mha,train,1
c0069.mha,False,c0069.mha,val,0
c0070.mha,False,c0070.mha,train,2
c0071.mha,False,c0071.mha,test,-1
c0072.mha,False,c0072.mha,train,2
c0073.mha,False,c0073.mha,val,1
c0074.mha,False,c0074.mha,train,0
c0075.mha,False,c0075.mha,train,0
c0076.mha,False,c0076.mha,test,-1
c0077.mha,False,c0077.mha,train,2
c0078.mha,False,c0078.mha,val,2
c0079.mha,False,c0079.mha,train,0
c0080.mha,False,c0080.mha,test,-1
c0081.mha,False,c0081.mha,train,2
c0082.mha,False,c0082.mha,train,0
c0083.mha,False,c0083.mha,train,2
c0084.mha,False,c0084.mha,train,2
c0085.mha,False,c0085.mha,train,2
c0086.mha,False,c0086.mha,val,0
c0087.mha,False,c0087.mha,train,2
c0088.mha,False,c0088.mha,train,2
c0089.mha,False,c0089.mha,train,2
c0090.mha,False,c0090.mha,train,0
c0091.mha,False,c0091.mha,val,1
c0092.mha,False,c0092.mha,val,1
c0093.mha,False,c0093.mha,train,0
c0094.mha,False,c0094.mha,train,1
c0095.mha,False,c0095.mha,train,0
c0096.mha,False,c0096.mha,train,0
c0097.mha,False,c0097.mha,test,-1
c0098.mha,False,c0098.mha,test,-1
c0099.mha,False,c0099.mha,train,1
c0100.mha,False,c0100.mha,val,0
c0101.mha,False,c0101.mha,test,-1
c0103.mha,False,c0103.mha,train,2
c0104.mha,False,c0104.mha,train,0
c0105.mha,False,c0105.mha,test,-1
c0106.mha,False,c0106.mha,train,1
c0107.mha,False,c0107.mha,train,0
c0108.mha,False,c0108.mha,train,1
c0109.mha,False,c0109.mha,test,-1
c0110.mha,False,c0110.mha,val,0
c0111.mha,False,c0111.mha,test,-1
c0112.mha,False,c0112.mha,train,1
c0113.mha,False,c0113.mha,train,0
c0114.mha,False,c0114.mha,val,0
c0115.mha,False,c0115.mha,train,0
c0116.mha,False,c0116.mha,train,0
c0117.mha,False,c0117.mha,train,1
c0118.mha,False,c0118.mha,train,1
c0119.mha,False,c0119.mha,test,-1
c0120.mha,False,c0120.mha,train,0
c0121.mha,False,c0121.mha,train,1
c0122.mha,False,c0122.mha,train,2
c0123.mha,False,c0123.mha,train,1
c0124.mha,False,c0124.mha,train,0
c0125.mha,False,c0125.mha,train,1
c0126.mha,False,c0126.mha,train,0
c0127.mha,False,c0127.mha,val,1
c0128.mha,False,c0128.mha,train,1
c0129.mha,False,c0129.mha,train,0
c0130.mha,False,c0130.mha,test,-1
c0131.mha,False,c0131.mha,train,0
c0132.mha,False,c0132.mha,train,0
c0133.mha,False,c0133.mha,train,0
c0134.mha,False,c0134.mha,train,2
c0135.mha,False,c0135.mha,train,0
c0136.mha,False,c0136.mha,val,1
c0137.mha,False,c0137.mha,train,2
c0138.mha,False,c0138.mha,train,1
c0139.mha,False,c0139.mha,train,1
c0140.mha,False,c0140.mha,train,2
c0141.mha,False,c0141.mha,train,2
c0142.mha,False,c0142.mha,train,0
c0143.mha,False,c0143.mha,val,2
c0145.mha,False,c0145.mha,train,0
c0146.mha,False,c0146.mha,train,1
c0147.mha,False,c0147.mha,train,2
c0148.mha,False,c0148.mha,val,2
c0149.mha,False,c0149.mha,train,2
c0150.mha,False,c0150.mha,train,0
c0151.mha,False,c0151.mha,train,0
c0152.mha,False,c0152.mha,test,-1
c0153.mha,False,c0153.mha,train,2
c0154.mha,False,c0154.mha,test,-1
c0155.mha,False,c0155.mha,train,2
c0156.mha,False,c0156.mha,train,0
c0157.mha,False,c0157.mha,train,0
c0158.mha,False,c0158.mha,train,0
c0159.mha,False,c0159.mha,test,-1
c0160.mha,False,c0160.mha,val,1
c0161.mha,False,c0161.mha,train,2
c0162.mha,False,c0162.mha,train,0
c0163.mha,False,c0163.mha,train,2
c0164.mha,False,c0164.mha,test,-1
c0165.mha,False,c0165.mha,train,1
c0166.mha,False,c0166.mha,val,0
c0167.mha,False,c0167.mha,train,2
c0168.mha,False,c0168.mha,train,2
c0169.mha,False,c0169.mha,val,0
c0170.mha,False,c0170.mha,test,-1
c0171.mha,False,c0171.mha,train,1
c0172.mha,False,c0172.mha,train,0
c0173.mha,False,c0173.mha,train,1
c0174.mha,False,c0174.mha,train,0
c0175.mha,False,c0175.mha,test,-1
c0176.mha,False,c0176.mha,train,0
c0177.mha,False,c0177.mha,train,0
c0178.mha,False,c0178.mha,val,0
c0179.mha,False,c0179.mha,train,2
c0180.mha,False,c0180.mha,val,0
c0181.mha,False,c0181.mha,test,-1
c0182.mha,False,c0182.mha,train,0
c0183.mha,False,c0183.mha,val,2
c0184.mha,False,c0184.mha,val,1
c0185.mha,False,c0185.mha,test,-1
c0186.mha,False,c0186.mha,test,-1
c0187.mha,False,c0187.mha,test,-1
c0188.mha,False,c0188.mha,train,1
c0189.mha,False,c0189.mha,train,0
c0190.mha,False,c0190.mha,val,1
c0191.mha,False,c0191.mha,train,2
c0192.mha,False,c0192.mha,val,2
c0194.mha,False,c0194.mha,train,1
c0195.mha,False,c0195.mha,train,0
c0196.mha,False,c0196.mha,test,-1
c0197.mha,False,c0197.mha,train,2
c0198.mha,False,c0198.mha,test,-1
c0199.mha,False,c0199.mha,train,2
c0200.mha,False,c0200.mha,test,-1
c0201.mha,False,c0201.mha,test,-1
c0202.mha,False,c0202.mha,train,1
c0203.mha,False,c0203.mha,train,1
c0204.mha,False,c0204.mha,train,1
c0205.mha,False,c0205.mha,train,1
c0206.mha,False,c0206.mha,test,-1
c0207.mha,False,c0207.mha,train,0
c0208.mha,False,c0208.mha,train,2
c0209.mha,False,c0209.mha,train,0
c0210.mha,False,c0210.mha,train,2
c0211.mha,False,c0211.mha,test,-1
c0212.mha,False,c0212.mha,test,-1
c0213.mha,False,c0213.mha,val,2
c0214.mha,False,c0214.mha,train,1
c0215.mha,False,c0215.mha,train,1
c0216.mha,False,c0216.mha,train,2
c0217.mha,False,c0217.mha,train,1
c0218.mha,False,c0218.mha,train,1
c0219.mha,False,c0219.mha,train,2
c0220.mha,False,c0220.mha,train,0
c0221.mha,False,c0221.mha,train,0
c0222.mha,False,c0222.mha,train,0
c0223.mha,False,c0223.mha,test,-1
c0224.mha,False,c0224.mha,train,1
c0225.mha,False,c0225.mha,train,2
c0226.mha,False,c0226.mha,train,2
c0227.mha,False,c0227.mha,test,-1
c0229.mha,False,c0229.mha,train,1
c0230.mha,False,c0230.mha,train,1
c0231.mha,False,c0231.mha,val,1
c0232.mha,False,c0232.mha,train,2
c0233.mha,False,c0233.mha,train,1
c0234.mha,False,c0234.mha,train,0
c0235.mha,False,c0235.mha,train,0
c0236.mha,False,c0236.mha,train,1
c0237.mha,False,c0237.mha,train,1
c0238.mha,False,c0238.mha,train,2
c0239.mha,False,c0239.mha,train,2
c0240.mha,False,c0240.mha,train,1
c0241.mha,False,c0241.mha,val,1
c0242.mha,False,c0242.mha,train,2
c0243.mha,False,c0243.mha,train,1
c0244.mha,False,c0244.mha,test,-1
c0245.mha,False,c0245.mha,train,1
c0246.mha,False,c0246.mha,train,1
c0247.mha,False,c0247.mha,train,0
c0248.mha,False,c0248.mha,train,0
c0249.mha,False,c0249.mha,train,2
c0250.mha,False,c0250.mha,train,1
c0251.mha,False,c0251.mha,train,2
c0252.mha,False,c0252.mha,train,0
c0254.mha,False,c0254.mha,test,-1
c0255.mha,False,c0255.mha,train,0
c0256.mha,False,c0256.mha,test,-1
c0257.mha,False,c0257.mha,train,0
c0258.mha,False,c0258.mha,train,0
c0259.mha,False,c0259.mha,train,0
c0260.mha,False,c0260.mha,train,2
c0261.mha,False,c0261.mha,val,2
c0262.mha,False,c0262.mha,test,-1
c0263.mha,False,c0263.mha,train,1
c0264.mha,False,c0264.mha,train,0
c0265.mha,False,c0265.mha,train,2
c0267.mha,False,c0267.mha,train,0
c0268.mha,False,c0268.mha,train,2
c0269.mha,False,c0269.mha,train,0
c0270.mha,False,c0270.mha,train,1
c0271.mha,False,c0271.mha,val,0
c0272.mha,False,c0272.mha,test,-1
c0273.mha,False,c0273.mha,val,0
c0274.mha,False,c0274.mha,train,1
c0275.mha,False,c0275.mha,train,2
c0276.mha,False,c0276.mha,train,1
c0277.mha,False,c0277.mha,train,1
c0278.mha,False,c0278.mha,train,2
c0280.mha,False,c0280.mha,val,2
c0281.mha,False,c0281.mha,test,-1
c0282.mha,False,c0282.mha,train,2
c0283.mha,False,c0283.mha,val,1
c0284.mha,False,c0284.mha,test,-1
c0285.mha,False,c0285.mha,train,2
c0286.mha,False,c0286.mha,train,1
c0287.mha,False,c0287.mha,train,2
c0288.mha,False,c0288.mha,train,0
c0289.mha,False,c0289.mha,train,1
c0290.mha,False,c0290.mha,train,1
c0291.mha,False,c0291.mha,val,2
c0292.mha,False,c0292.mha,train,0
c0293.mha,False,c0293.mha,val,0
c0294.mha,False,c0294.mha,test,-1
c0295.mha,False,c0295.mha,test,-1
c0296.mha,False,c0296.mha,test,-1
c0297.mha,False,c0297.mha,val,0
c0298.mha,False,c0298.mha,train,2
c0299.mha,False,c0299.mha,val,0
c0300.mha,False,c0300.mha,train,2
c0301.mha,False,c0301.mha,train,0
c0302.mha,False,c0302.mha,train,2
c0303.mha,False,c0303.mha,train,1
c0304.mha,False,c0304.mha,val,0
c0305.mha,False,c0305.mha,train,1
c0306.mha,False,c0306.mha,val,1
c0308.mha,False,c0308.mha,train,2
c0309.mha,False,c0309.mha,train,2
c0310.mha,False,c0310.mha,train,1
c0311.mha,False,c0311.mha,train,1
c0312.mha,False,c0312.mha,train,1
c0313.mha,False,c0313.mha,train,2
c0314.mha,False,c0314.mha,train,0
c0315.mha,False,c0315.mha,train,2
c0316.mha,False,c0316.mha,train,0
c0317.mha,False,c0317.mha,train,1
c0318.mha,False,c0318.mha,train,2
c0319.mha,False,c0319.mha,val,0
c0321.mha,False,c0321.mha,train,0
c0322.mha,False,c0322.mha,val,2
c0323.mha,False,c0323.mha,train,1
c0324.mha,False,c0324.mha,train,2
c0325.mha,False,c0325.mha,train,1
c0326.mha,False,c0326.mha,test,-1
c0327.mha,False,c0327.mha,test,-1
c0328.mha,False,c0328.mha,train,1
c0329.mha,False,c0329.mha,val,0
c0330.mha,False,c0330.mha,val,2
c0331.mha,False,c0331.mha,train,2
c0332.mha,False,c0332.mha,train,2
c0333.mha,False,c0333.mha,val,2
c0334.mha,False,c0334.mha,test,-1
c0335.mha,False,c0335.mha,train,1
c0336.mha,False,c0336.mha,test,-1
c0337.mha,False,c0337.mha,train,1
c0338.mha,False,c0338.mha,train,2
c0339.mha,False,c0339.mha,train,2
c0340.mha,False,c0340.mha,train,2
c0341.mha,False,c0341.mha,train,0
c0343.mha,False,c0343.mha,train,0
c0344.mha,False,c0344.mha,train,2
c0345.mha,False,c0345.mha,train,1
c0346.mha,False,c0346.mha,train,0
c0347.mha,False,c0347.mha,val,2
c0348.mha,False,c0348.mha,train,2
c0350.mha,False,c0350.mha,train,1
c0351.mha,False,c0351.mha,train,1
c0353.mha,False,c0353.mha,train,1
c0354.mha,False,c0354.mha,train,2
c0355.mha,False,c0355.mha,train,2
c0356.mha,False,c0356.mha,train,1
c0357.mha,False,c0357.mha,train,1
c0358.mha,False,c0358.mha,train,2
c0359.mha,False,c0359.mha,train,1
c0360.mha,False,c0360.mha,test,-1
c0361.mha,False,c0361.mha,train,1
c0362.mha,False,c0362.mha,val,1
c0363.mha,False,c0363.mha,train,1
c0364.mha,False,c0364.mha,train,0
c0365.mha,False,c0365.mha,train,0
c0366.mha,False,c0366.mha,train,2
c0367.mha,False,c0367.mha,test,-1
c0368.mha,False,c0368.mha,train,1
c0369.mha,False,c0369.mha,test,-1
c0370.mha,False,c0370.mha,train,1
c0371.mha,False,c0371.mha,train,0
c0372.mha,False,c0372.mha,train,2
c0373.mha,False,c0373.mha,train,2
c0374.mha,False,c0374.mha,test,-1
c0375.mha,False,c0375.mha,train,0
c0377.mha,False,c0377.mha,train,0
c0379.mha,False,c0379.mha,train,0
c0380.mha,False,c0380.mha,train,0
c0381.mha,False,c0381.mha,test,-1
c0382.mha,False,c0382.mha,test,-1
c0383.mha,False,c0383.mha,train,1
c0384.mha,False,c0384.mha,train,2
c0385.mha,False,c0385.mha,train,1
c0386.mha,False,c0386.mha,train,2
c0387.mha,False,c0387.mha,val,0
c0388.mha,False,c0388.mha,train,1
c0389.mha,False,c0389.mha,train,0
c0390.mha,False,c0390.mha,train,2
c0391.mha,False,c0391.mha,train,1
c0392.mha,False,c0392.mha,train,0
c0393.mha,False,c0393.mha,val,2
c0394.mha,False,c0394.mha,test,-1
c0395.mha,False,c0395.mha,train,1
c0396.mha,False,c0396.mha,train,1
c0397.mha,False,c0397.mha,val,0
c0398.mha,False,c0398.mha,train,1
c0399.mha,False,c0399.mha,train,0
c0400.mha,False,c0400.mha,test,-1
c0401.mha,False,c0401.mha,test,-1
c0402.mha,False,c0402.mha,train,0
c0403.mha,False,c0403.mha,val,1
c0404.mha,False,c0404.mha,train,0
c0405.mha,False,c0405.mha,test,-1
c0406.mha,False,c0406.mha,test,-1
c0407.mha,False,c0407.mha,train,0
c0408.mha,False,c0408.mha,train,1
c0409.mha,False,c0409.mha,test,-1
c0410.mha,False,c0410.mha,train,2
c0411.mha,False,c0411.mha,test,-1
c0412.mha,False,c0412.mha,train,0
c0413.mha,False,c0413.mha,train,2
c0414.mha,False,c0414.mha,val,0
c0415.mha,False,c0415.mha,train,2
c0416.mha,False,c0416.mha,train,1
c0417.mha,False,c0417.mha,train,1
c0418.mha,False,c0418.mha,train,2
c0419.mha,False,c0419.mha,train,2
c0420.mha,False,c0420.mha,train,2
c0421.mha,False,c0421.mha,train,1
c0422.mha,False,c0422.mha,train,1
c0423.mha,False,c0423.mha,train,0
c0424.mha,False,c0424.mha,train,1
c0425.mha,False,c0425.mha,test,-1
c0426.mha,False,c0426.mha,train,1
c0427.mha,False,c0427.mha,train,2
c0428.mha,False,c0428.mha,train,2
c0429.mha,False,c0429.mha,val,1
c0430.mha,False,c0430.mha,val,1
c0431.mha,False,c0431.mha,test,-1
c0432.mha,False,c0432.mha,train,2
c0433.mha,False,c0433.mha,train,0
c0434.mha,False,c0434.mha,train,0
c0435.mha,False,c0435.mha,train,2
c0436.mha,False,c0436.mha,train,2
c0437.mha,False,c0437.mha,train,1
c0438.mha,False,c0438.mha,test,-1
c0439.mha,False,c0439.mha,train,1
c0440.mha,False,c0440.mha,val,0
c0441.mha,False,c0441.mha,val,2
c0442.mha,False,c0442.mha,train,1
c0443.mha,False,c0443.mha,train,2
c0444.mha,False,c0444.mha,train,1
c0445.mha,False,c0445.mha,train,0
c0446.mha,False,c0446.mha,train,1
c0447.mha,False,c0447.mha,train,1
c0448.mha,False,c0448.mha,test,-1
c0449.mha,False,c0449.mha,train,2
c0450.mha,False,c0450.mha,val,2
c0451.mha,False,c0451.mha,train,0
c0452.mha,False,c0452.mha,train,2
c0453.mha,False,c0453.mha,train,2
c0454.mha,False,c0454.mha,test,-1
c0455.mha,False,c0455.mha,train,1
c0456.mha,False,c0456.mha,train,2
c0457.mha,False,c0457.mha,test,-1
c0458.mha,False,c0458.mha,train,0
c0459.mha,False,c0459.mha,test,-1
c0460.mha,False,c0460.mha,val,1
c0461.mha,False,c0461.mha,val,2
c0462.mha,False,c0462.mha,train,2
c0463.mha,False,c0463.mha,val,2
c0464.mha,False,c0464.mha,train,1
c0465.mha,False,c0465.mha,train,2
c0466.mha,False,c0466.mha,val,0
c0467.mha,False,c0467.mha,test,-1
c0468.mha,False,c0468.mha,train,1
c0469.mha,False,c0469.mha,train,2
c0470.mha,False,c0470.mha,train,0
c0471.mha,False,c0471.mha,train,0
c0472.mha,False,c0472.mha,train,1
c0473.mha,False,c0473.mha,train,0
c0474.mha,False,c0474.mha,val,1
c0475.mha,False,c0475.mha,train,0
c0476.mha,False,c0476.mha,train,0
c0477.mha,False,c0477.mha,train,2
c0478.mha,False,c0478.mha,val,1
c0479.mha,False,c0479.mha,train,0
c0480.mha,False,c0480.mha,val,2
c0481.mha,False,c0481.mha,train,2
c0483.mha,False,c0483.mha,train,0
c0484.mha,False,c0484.mha,train,0
c0485.mha,False,c0485.mha,train,2
c0486.mha,False,c0486.mha,train,2
c0487.mha,False,c0487.mha,val,1
c0488.mha,False,c0488.mha,train,0
c0489.mha,False,c0489.mha,train,0
c0490.mha,False,c0490.mha,train,0
c0491.mha,False,c0491.mha,train,0
c0492.mha,False,c0492.mha,test,-1
c0493.mha,False,c0493.mha,test,-1
c0494.mha,False,c0494.mha,train,2
c0495.mha,False,c0495.mha,train,1
c0496.mha,False,c0496.mha,train,2
c0497.mha,False,c0497.mha,train,1
c0498.mha,False,c0498.mha,train,2
c0499.mha,False,c0499.mha,train,0
c0500.mha,False,c0500.mha,test,-1
c0501.mha,False,c0501.mha,train,0
c0502.mha,False,c0502.mha,train,1
c0503.mha,False,c0503.mha,train,2
c0504.mha,False,c0504.mha,train,1
c0505.mha,False,c0505.mha,train,2
c0506.mha,False,c0506.mha,train,2
c0507.mha,False,c0507.mha,test,-1
c0508.mha,False,c0508.mha,test,-1
c0509.mha,False,c0509.mha,train,2
c0510.mha,False,c0510.mha,val,2
c0511.mha,False,c0511.mha,train,1
c0512.mha,False,c0512.mha,train,0
c0513.mha,False,c0513.mha,val,2
c0514.mha,False,c0514.mha,train,0
c0515.mha,False,c0515.mha,train,1
c0516.mha,False,c0516.mha,train,1
c0517.mha,False,c0517.mha,test,-1
c0518.mha,False,c0518.mha,train,0
c0519.mha,False,c0519.mha,train,2
c0520.mha,False,c0520.mha,train,1
c0521.mha,False,c0521.mha,train,0
c0522.mha,False,c0522.mha,train,2
c0523.mha,False,c0523.mha,train,2
c0524.mha,False,c0524.mha,train,1
c0525.mha,False,c0525.mha,val,2
c0526.mha,False,c0526.mha,train,0
c0527.mha,False,c0527.mha,train,2
c0528.mha,False,c0528.mha,train,2
c0529.mha,False,c0529.mha,test,-1
c0530.mha,False,c0530.mha,test,-1
c0531.mha,False,c0531.mha,train,1
c0532.mha,False,c0532.mha,train,1
c0533.mha,False,c0533.mha,train,0
c0534.mha,False,c0534.mha,train,2
c0535.mha,False,c0535.mha,train,0
c0536.mha,False,c0536.mha,train,0
c0537.mha,False,c0537.mha,test,-1
c0538.mha,False,c0538.mha,train,2
c0539.mha,False,c0539.mha,train,0
c0540.mha,False,c0540.mha,test,-1
c0541.mha,False,c0541.mha,test,-1
c0542.mha,False,c0542.mha,train,1
c0543.mha,False,c0543.mha,test,-1
c0544.mha,False,c0544.mha,test,-1
c0545.mha,False,c0545.mha,train,1
c0546.mha,False,c0546.mha,train,0
c0547.mha,False,c0547.mha,train,2
c0548.mha,False,c0548.mha,train,2
c0549.mha,False,c0549.mha,test,-1
c0550.mha,False,c0550.mha,test,-1
c0551.mha,False,c0551.mha,train,1
c0552.mha,False,c0552.mha,val,0
c0553.mha,False,c0553.mha,train,1
c0554.mha,False,c0554.mha,val,2
c0555.mha,False,c0555.mha,val,2
c0556.mha,False,c0556.mha,test,-1
c0557.mha,False,c0557.mha,train,0
c0558.mha,False,c0558.mha,train,0
c0559.mha,False,c0559.mha,val,1
c0560.mha,False,c0560.mha,train,1
c0561.mha,False,c0561.mha,train,2
c0562.mha,False,c0562.mha,train,1
c0563.mha,False,c0563.mha,test,-1
c0564.mha,False,c0564.mha,train,1
c0565.mha,False,c0565.mha,train,1
c0566.mha,False,c0566.mha,train,2
c0567.mha,False,c0567.mha,val,2
c0568.mha,False,c0568.mha,train,0
c0569.mha,False,c0569.mha,train,1
c0572.mha,False,c0572.mha,train,1
c0573.mha,False,c0573.mha,val,0
c0574.mha,False,c0574.mha,test,-1
c0575.mha,False,c0575.mha,train,1
c0576.mha,False,c0576.mha,train,1
c0577.mha,False,c0577.mha,train,1
c0578.mha,False,c0578.mha,train,2
c0579.mha,False,c0579.mha,test,-1
c0580.mha,False,c0580.mha,train,2
c0581.mha,False,c0581.mha,val,2
c0582.mha,False,c0582.mha,train,2
c0583.mha,False,c0583.mha,train,1
c0584.mha,False,c0584.mha,train,0
c0585.mha,False,c0585.mha,train,1
c0586.mha,False,c0586.mha,train,0
c0587.mha,False,c0587.mha,train,1
c0588.mha,False,c0588.mha,train,2
c0589.mha,False,c0589.mha,val,0
c0590.mha,False,c0590.mha,test,-1
c0591.mha,False,c0591.mha,train,2
c0592.mha,False,c0592.mha,train,1
c0593.mha,False,c0593.mha,train,1
c0594.mha,False,c0594.mha,val,2
c0595.mha,False,c0595.mha,train,0
c0596.mha,False,c0596.mha,test,-1
c0597.mha,False,c0597.mha,train,2
c0598.mha,False,c0598.mha,train,0
c0599.mha,False,c0599.mha,test,-1
c0600.mha,False,c0600.mha,train,1
c0601.mha,False,c0601.mha,train,2
c0602.mha,False,c0602.mha,train,2
c0603.mha,False,c0603.mha,train,2
c0604.mha,False,c0604.mha,val,1
c0605.mha,False,c0605.mha,train,2
c0606.mha,False,c0606.mha,train,2
c0607.mha,False,c0607.mha,test,-1
c0608.mha,False,c0608.mha,train,2
c0609.mha,False,c0609.mha,train,1
c0610.mha,False,c0610.mha,train,1
c0611.mha,False,c0611.mha,test,-1
c0612.mha,False,c0612.mha,train,2
c0613.mha,False,c0613.mha,train,0
c0614.mha,False,c0614.mha,train,0
c0615.mha,False,c0615.mha,train,0
c0616.mha,False,c0616.mha,val,0
c0617.mha,False,c0617.mha,train,2
c0618.mha,False,c0618.mha,train,1
c0619.mha,False,c0619.mha,val,0
c0620.mha,False,c0620.mha,train,2
c0621.mha,False,c0621.mha,train,0
c0622.mha,False,c0622.mha,train,0
c0623.mha,False,c0623.mha,train,0
c0624.mha,False,c0624.mha,val,1
c0625.mha,False,c0625.mha,train,2
c0626.mha,False,c0626.mha,train,2
c0627.mha,False,c0627.mha,val,2
c0628.mha,False,c0628.mha,test,-1
c0629.mha,False,c0629.mha,test,-1
c0630.mha,False,c0630.mha,test,-1
c0631.mha,False,c0631.mha,train,0
c0632.mha,False,c0632.mha,val,2
c0633.mha,False,c0633.mha,test,-1
c0634.mha,False,c0634.mha,train,2
c0635.mha,False,c0635.mha,val,0
c0636.mha,False,c0636.mha,train,0
c0637.mha,False,c0637.mha,test,-1
c0638.mha,False,c0638.mha,train,0
c0639.mha,False,c0639.mha,train,0
c0640.mha,False,c0640.mha,train,1
c0641.mha,False,c0641.mha,train,2
c0642.mha,False,c0642.mha,test,-1
c0643.mha,False,c0643.mha,train,0
c0644.mha,False,c0644.mha,train,2
c0645.mha,False,c0645.mha,train,0
c0646.mha,False,c0646.mha,train,1
c0647.mha,False,c0647.mha,train,1
c0648.mha,False,c0648.mha,val,0
c0649.mha,False,c0649.mha,train,1
c0650.mha,False,c0650.mha,train,2
c0651.mha,False,c0651.mha,train,1
c0652.mha,False,c0652.mha,train,1
c0654.mha,False,c0654.mha,train,2
c0655.mha,False,c0655.mha,train,0
c0656.mha,False,c0656.mha,train,1
c0657.mha,False,c0657.mha,val,1
c0658.mha,False,c0658.mha,train,2
c0659.mha,False,c0659.mha,train,0
c0660.mha,False,c0660.mha,val,2
c0661.mha,False,c0661.mha,train,1
c0662.mha,False,c0662.mha,train,1
c0663.mha,False,c0663.mha,train,0
c0664.mha,False,c0664.mha,val,2
c0665.mha,False,c0665.mha,train,2
c0666.mha,False,c0666.mha,train,0
c0667.mha,False,c0667.mha,train,1
c0668.mha,False,c0668.mha,train,1
c0669.mha,False,c0669.mha,train,0
c0670.mha,False,c0670.mha,val,0
c0671.mha,False,c0671.mha,train,2
c0672.mha,False,c0672.mha,train,1
c0673.mha,False,c0673.mha,train,0
c0674.mha,False,c0674.mha,train,0
c0675.mha,False,c0675.mha,test,-1
c0676.mha,False,c0676.mha,train,2
c0677.mha,False,c0677.mha,train,2
c0678.mha,False,c0678.mha,train,1
c0679.mha,False,c0679.mha,train,0
c0680.mha,False,c0680.mha,train,0
c0681.mha,False,c0681.mha,test,-1
c0682.mha,False,c0682.mha,val,0
c0683.mha,False,c0683.mha,train,0
c0684.mha,False,c0684.mha,val,0
c0685.mha,False,c0685.mha,train,2
c0686.mha,False,c0686.mha,test,-1
c0687.mha,False,c0687.mha,train,2
c0688.mha,False,c0688.mha,train,0
c0689.mha,False,c0689.mha,test,-1
c0690.mha,False,c0690.mha,train,1
c0691.mha,False,c0691.mha,train,0
c0692.mha,False,c0692.mha,train,2
c0693.mha,False,c0693.mha,train,1
c0694.mha,False,c0694.mha,test,-1
c0695.mha,False,c0695.mha,train,1
c0696.mha,False,c0696.mha,train,1
c0697.mha,False,c0697.mha,train,2
c0698.mha,False,c0698.mha,train,1
c0699.mha,False,c0699.mha,train,2
c0700.mha,False,c0700.mha,test,-1
c0701.mha,False,c0701.mha,train,2
c0702.mha,False,c0702.mha,train,0
c0703.mha,False,c0703.mha,val,0
c0704.mha,False,c0704.mha,train,1
c0705.mha,False,c0705.mha,test,-1
c0706.mha,False,c0706.mha,train,0
c0707.mha,False,c0707.mha,train,2
c0708.mha,False,c0708.mha,train,2
c0709.mha,False,c0709.mha,train,1
c0710.mha,False,c0710.mha,train,2
c0711.mha,False,c0711.mha,train,1
c0712.mha,False,c0712.mha,train,2
c0713.mha,False,c0713.mha,train,0
c0714.mha,False,c0714.mha,train,2
c0715.mha,False,c0715.mha,test,-1
c0716.mha,False,c0716.mha,test,-1
c0717.mha,False,c0717.mha,train,0
c0718.mha,False,c0718.mha,train,0
c0719.mha,False,c0719.mha,val,1
c0720.mha,False,c0720.mha,train,2
c0721.mha,False,c0721.mha,train,0
c0722.mha,False,c0722.mha,train,1
c0723.mha,False,c0723.mha,train,1
c0725.mha,False,c0725.mha,train,2
c0726.mha,False,c0726.mha,test,-1
c0727.mha,False,c0727.mha,train,1
c0728.mha,False,c0728.mha,train,0
c0729.mha,False,c0729.mha,train,2
c0730.mha,False,c0730.mha,train,1
c0731.mha,False,c0731.mha,train,2
c0733.mha,False,c0733.mha,train,1
c0734.mha,False,c0734.mha,train,1
c0737.mha,False,c0737.mha,train,1
c0738.mha,False,c0738.mha,train,0
c0739.mha,False,c0739.mha,train,2
c0740.mha,False,c0740.mha,train,2
c0741.mha,False,c0741.mha,train,0
c0742.mha,False,c0742.mha,train,1
c0743.mha,False,c0743.mha,val,2
c0744.mha,False,c0744.mha,train,2
c0745.mha,False,c0745.mha,train,2
c0746.mha,False,c0746.mha,train,0
c0747.mha,False,c0747.mha,test,-1
c0748.mha,False,c0748.mha,train,0
c0749.mha,False,c0749.mha,train,0
c0750.mha,False,c0750.mha,train,2
c0751.mha,False,c0751.mha,test,-1
c0752.mha,False,c0752.mha,train,2
c0753.mha,False,c0753.mha,train,1
c0754.mha,False,c0754.mha,test,-1
c0755.mha,False,c0755.mha,train,0
c0756.mha,False,c0756.mha,val,0
c0757.mha,False,c0757.mha,train,0
c0758.mha,False,c0758.mha,train,1
c0759.mha,False,c0759.mha,val,2
c0760.mha,False,c0760.mha,test,-1
c0761.mha,False,c0761.mha,train,2
c0762.mha,False,c0762.mha,train,0
c0763.mha,False,c0763.mha,train,2
c0764.mha,False,c0764.mha,train,1
c0765.mha,False,c0765.mha,train,1
c0766.mha,False,c0766.mha,train,1
c0767.mha,False,c0767.mha,train,2
c0768.mha,False,c0768.mha,train,2
c0769.mha,False,c0769.mha,val,0
c0770.mha,False,c0770.mha,train,0
c0771.mha,False,c0771.mha,val,1
c0772.mha,False,c0772.mha,train,0
c0774.mha,False,c0774.mha,test,-1
c0775.mha,False,c0775.mha,train,0
c0776.mha,False,c0776.mha,train,2
c0777.mha,False,c0777.mha,train,0
c0778.mha,False,c0778.mha,train,0
c0779.mha,False,c0779.mha,train,1
c0780.mha,False,c0780.mha,train,0
c0781.mha,False,c0781.mha,train,0
c0782.mha,False,c0782.mha,train,2
c0783.mha,False,c0783.mha,test,-1
c0784.mha,False,c0784.mha,train,0
c0785.mha,False,c0785.mha,train,1
c0786.mha,False,c0786.mha,test,-1
c0787.mha,False,c0787.mha,train,0
c0788.mha,False,c0788.mha,train,1
c0789.mha,False,c0789.mha,train,0
c0790.mha,False,c0790.mha,train,1
c0791.mha,False,c0791.mha,train,1
c0792.mha,False,c0792.mha,train,1
c0793.mha,False,c0793.mha,test,-1
c0794.mha,False,c0794.mha,train,1
c0795.mha,False,c0795.mha,train,1
c0796.mha,False,c0796.mha,val,1
c0797.mha,False,c0797.mha,val,0
c0798.mha,False,c0798.mha,train,2
c0799.mha,False,c0799.mha,train,0
c0800.mha,False,c0800.mha,val,1
c0801.mha,False,c0801.mha,val,2
c0802.mha,False,c0802.mha,train,0
c0803.mha,False,c0803.mha,train,2
c0804.mha,False,c0804.mha,train,1
c0805.mha,False,c0805.mha,train,2
c0806.mha,False,c0806.mha,train,2
c0807.mha,False,c0807.mha,train,0
c0808.mha,False,c0808.mha,val,2
c0809.mha,False,c0809.mha,val,0
c0810.mha,False,c0810.mha,val,1
c0812.mha,False,c0812.mha,train,0
c0813.mha,False,c0813.mha,test,-1
c0814.mha,False,c0814.mha,test,-1
c0815.mha,False,c0815.mha,train,0
c0816.mha,False,c0816.mha,test,-1
c0817.mha,False,c0817.mha,train,1
c0818.mha,False,c0818.mha,train,1
c0819.mha,False,c0819.mha,train,0
c0820.mha,False,c0820.mha,val,0
c0822.mha,False,c0822.mha,train,0
c0823.mha,False,c0823.mha,test,-1
c0824.mha,False,c0824.mha,train,2
c0825.mha,False,c0825.mha,val,1
c0826.mha,False,c0826.mha,train,1
c0827.mha,False,c0827.mha,train,0
c0828.mha,False,c0828.mha,train,0
c0829.mha,False,c0829.mha,test,-1
c0830.mha,False,c0830.mha,train,2
c0831.mha,False,c0831.mha,train,2
c0832.mha,False,c0832.mha,train,1
c0833.mha,False,c0833.mha,train,1
c0834.mha,False,c0834.mha,train,2
c0835.mha,False,c0835.mha,val,2
c0836.mha,False,c0836.mha,val,1
c0837.mha,False,c0837.mha,train,1
c0838.mha,False,c0838.mha,test,-1
c0839.mha,False,c0839.mha,train,0
c0840.mha,False,c0840.mha,test,-1
c0841.mha,False,c0841.mha,train,0
c0842.mha,False,c0842.mha,train,1
c0843.mha,False,c0843.mha,train,0
c0844.mha,False,c0844.mha,test,-1
c0845.mha,False,c0845.mha,val,0
c0846.mha,False,c0846.mha,train,2
c0847.mha,False,c0847.mha,train,0
c0848.mha,False,c0848.mha,train,1
c0849.mha,False,c0849.mha,train,0
c0850.mha,False,c0850.mha,train,2
c0851.mha,False,c0851.mha,train,2
c0852.mha,False,c0852.mha,val,1
c0853.mha,False,c0853.mha,test,-1
c0854.mha,False,c0854.mha,train,0
c0855.mha,False,c0855.mha,train,1
c0856.mha,False,c0856.mha,train,1
c0857.mha,False,c0857.mha,train,1
c0858.mha,False,c0858.mha,train,2
c0859.mha,False,c0859.mha,train,1
c0860.mha,False,c0860.mha,train,0
c0861.mha,False,c0861.mha,train,2
c0862.mha,False,c0862.mha,train,1
c0863.mha,False,c0863.mha,train,0
c0864.mha,False,c0864.mha,test,-1
c0865.mha,False,c0865.mha,train,2
c0866.mha,False,c0866.mha,train,0
c0867.mha,False,c0867.mha,train,0
c0868.mha,False,c0868.mha,train,0
c0869.mha,False,c0869.mha,train,2
c0870.mha,False,c0870.mha,train,0
c0871.mha,False,c0871.mha,test,-1
c0872.mha,False,c0872.mha,train,2
c0873.mha,False,c0873.mha,val,0
c0874.mha,False,c0874.mha,train,2
c0875.mha,False,c0875.mha,train,1
c0876.mha,False,c0876.mha,train,2
c0877.mha,False,c0877.mha,train,2
c0878.mha,False,c0878.mha,train,2
c0879.mha,False,c0879.mha,val,0
c0880.mha,False,c0880.mha,train,2
c0881.mha,False,c0881.mha,train,0
c0882.mha,False,c0882.mha,train,2
c0883.mha,False,c0883.mha,val,1
c0884.mha,False,c0884.mha,train,2
c0885.mha,False,c0885.mha,train,0
c0886.mha,False,c0886.mha,train,0
c0887.mha,False,c0887.mha,train,0
c0888.mha,False,c0888.mha,val,1
c0889.mha,False,c0889.mha,test,-1
c0890.mha,False,c0890.mha,train,1
c0891.mha,False,c0891.mha,train,2
c0893.mha,False,c0893.mha,train,2
c0894.mha,False,c0894.mha,val,1
c0895.mha,False,c0895.mha,train,2
c0896.mha,False,c0896.mha,train,1
c0897.mha,False,c0897.mha,test,-1
c0898.mha,False,c0898.mha,train,2
c0899.mha,False,c0899.mha,test,-1
c0900.mha,False,c0900.mha,train,1
c0901.mha,False,c0901.mha,train,0
c0902.mha,False,c0902.mha,val,1
c0903.mha,False,c0903.mha,train,1
c0904.mha,False,c0904.mha,val,1
c0905.mha,False,c0905.mha,test,-1
c0906.mha,False,c0906.mha,test,-1
c0907.mha,False,c0907.mha,train,2
c0908.mha,False,c0908.mha,train,0
c0909.mha,False,c0909.mha,train,0
c0910.mha,False,c0910.mha,train,2
c0911.mha,False,c0911.mha,train,1
c0912.mha,False,c0912.mha,train,2
c0913.mha,False,c0913.mha,train,2
c0914.mha,False,c0914.mha,train,0
c0915.mha,False,c0915.mha,train,0
c0916.mha,False,c0916.mha,train,1
c0917.mha,False,c0917.mha,train,0
c0918.mha,False,c0918.mha,train,0
c0919.mha,False,c0919.mha,val,0
c0920.mha,False,c0920.mha,train,2
c0921.mha,False,c0921.mha,test,-1
c0922.mha,False,c0922.mha,train,1
c0923.mha,False,c0923.mha,train,1
c0924.mha,False,c0924.mha,train,0
c0925.mha,False,c0925.mha,val,1
c0926.mha,False,c0926.mha,train,2
c0927.mha,False,c0927.mha,train,2
c0928.mha,False,c0928.mha,train,2
c0929.mha,False,c0929.mha,val,2
c0930.mha,False,c0930.mha,test,-1
c0931.mha,False,c0931.mha,test,-1
c0932.mha,False,c0932.mha,val,0
c0933.mha,False,c0933.mha,val,1
c0934.mha,False,c0934.mha,train,0
c0935.mha,False,c0935.mha,train,0
c0936.mha,False,c0936.mha,train,2
c0937.mha,False,c0937.mha,train,1
c0938.mha,False,c0938.mha,train,0
c0939.mha,False,c0939.mha,train,2
c0940.mha,False,c0940.mha,train,0
c0941.mha,False,c0941.mha,val,0
c0942.mha,False,c0942.mha,train,2
c0943.mha,False,c0943.mha,train,2
c0944.mha,False,c0944.mha,train,1
c0945.mha,False,c0945.mha,train,1
c0946.mha,False,c0946.mha,train,0
c0947.mha,False,c0947.mha,train,2
c0950.mha,False,c0950.mha,train,2
c0951.mha,False,c0951.mha,train,2
c0952.mha,False,c0952.mha,train,0
c0953.mha,False,c0953.mha,train,1
c0954.mha,False,c0954.mha,test,-1
c0955.mha,False,c0955.mha,val,2
c0956.mha,False,c0956.mha,train,2
c0957.mha,False,c0957.mha,val,0
c0958.mha,False,c0958.mha,train,1
c0959.mha,False,c0959.mha,train,2
c0960.mha,False,c0960.mha,val,0
c0961.mha,False,c0961.mha,train,2
c0962.mha,False,c0962.mha,test,-1
c0963.mha,False,c0963.mha,train,1
c0964.mha,False,c0964.mha,train,2
c0965.mha,False,c0965.mha,train,2
c0966.mha,False,c0966.mha,train,0
c0967.mha,False,c0967.mha,test,-1
c0968.mha,False,c0968.mha,train,0
c0969.mha,False,c0969.mha,train,0
c0970.mha,False,c0970.mha,train,2
c0971.mha,False,c0971.mha,train,2
c0972.mha,False,c0972.mha,test,-1
c0973.mha,False,c0973.mha,train,1
c0974.mha,False,c0974.mha,train,2
c0976.mha,False,c0976.mha,val,2
c0977.mha,False,c0977.mha,train,1
c0978.mha,False,c0978.mha,train,0
c0979.mha,False,c0979.mha,train,1
c0981.mha,False,c0981.mha,train,1
c0982.mha,False,c0982.mha,train,0
c0983.mha,False,c0983.mha,train,2
c0984.mha,False,c0984.mha,train,2
c0985.mha,False,c0985.mha,train,0
c0986.mha,False,c0986.mha,train,1
c0987.mha,False,c0987.mha,test,-1
c0988.mha,False,c0988.mha,train,0
c0989.mha,False,c0989.mha,train,0
c0990.mha,False,c0990.mha,train,2
c0991.mha,False,c0991.mha,train,0
c0992.mha,False,c0992.mha,train,0
c0993.mha,False,c0993.mha,test,-1
c0994.mha,False,c0994.mha,val,0
c0995.mha,False,c0995.mha,train,1
c0996.mha,False,c0996.mha,train,2
c0997.mha,False,c0997.mha,train,1
c0998.mha,False,c0998.mha,train,1
c0999.mha,False,c0999.mha,train,1
c1000.mha,False,c1000.mha,train,0
c1001.mha,False,c1001.mha,train,1
c1002.mha,False,c1002.mha,train,1
c1003.mha,False,c1003.mha,val,1
c1004.mha,False,c1004.mha,train,1
c1005.mha,False,c1005.mha,train,0
c1006.mha,False,c1006.mha,train,0
c1007.mha,False,c1007.mha,test,-1
c1008.mha,False,c1008.mha,train,1
c1009.mha,False,c1009.mha,train,1
c1010.mha,False,c1010.mha,train,1
c1011.mha,False,c1011.mha,test,-1
c1012.mha,False,c1012.mha,train,0
c1013.mha,False,c1013.mha,train,0
c1014.mha,False,c1014.mha,train,2
c1015.mha,False,c1015.mha,test,-1
c1016.mha,False,c1016.mha,train,2
c1017.mha,False,c1017.mha,train,0
c1018.mha,False,c1018.mha,train,2
c1019.mha,False,c1019.mha,train,1
c1020.mha,False,c1020.mha,train,1
c1021.mha,False,c1021.mha,train,1
c1023.mha,False,c1023.mha,train,2
c1024.mha,False,c1024.mha,test,-1
c1025.mha,False,c1025.mha,train,0
c1026.mha,False,c1026.mha,val,1
c1027.mha,False,c1027.mha,val,0
c1028.mha,False,c1028.mha,val,2
c1029.mha,False,c1029.mha,test,-1
c1030.mha,False,c1030.mha,train,0
c1031.mha,False,c1031.mha,train,1
c1032.mha,False,c1032.mha,train,1
c1033.mha,False,c1033.mha,test,-1
c1034.mha,False,c1034.mha,train,0
c1035.mha,False,c1035.mha,train,1
c1036.mha,False,c1036.mha,train,0
c1037.mha,False,c1037.mha,test,-1
c1038.mha,False,c1038.mha,train,1
c1039.mha,False,c1039.mha,train,2
c1041.mha,False,c1041.mha,train,1
c1042.mha,False,c1042.mha,train,0
c1043.mha,False,c1043.mha,train,0
c1044.mha,False,c1044.mha,train,1
c1045.mha,False,c1045.mha,train,2
c1046.mha,False,c1046.mha,val,2
c1047.mha,False,c1047.mha,train,2
c1048.mha,False,c1048.mha,train,2
c1049.mha,False,c1049.mha,train,0
c1050.mha,False,c1050.mha,train,1
c1051.mha,False,c1051.mha,train,1
c1052.mha,False,c1052.mha,train,2
c1053.mha,False,c1053.mha,test,-1
c1056.mha,False,c1056.mha,train,1
c1057.mha,False,c1057.mha,test,-1
c1058.mha,False,c1058.mha,train,0
c1059.mha,False,c1059.mha,train,0
c1060.mha,False,c1060.mha,val,0
c1061.mha,False,c1061.mha,test,-1
c1062.mha,False,c1062.mha,test,-1
c1063.mha,False,c1063.mha,train,0
c1064.mha,False,c1064.mha,train,1
c1065.mha,False,c1065.mha,train,2
c1066.mha,False,c1066.mha,train,2
c1067.mha,False,c1067.mha,train,1
c1068.mha,False,c1068.mha,train,1
c1070.mha,False,c1070.mha,train,0
c1071.mha,False,c1071.mha,val,2
c1072.mha,False,c1072.mha,train,1
c1073.mha,False,c1073.mha,val,2
c1074.mha,False,c1074.mha,train,0
c1075.mha,False,c1075.mha,train,0
c1076.mha,False,c1076.mha,train,2
c1077.mha,False,c1077.mha,train,0
c1078.mha,False,c1078.mha,train,1
c1079.mha,False,c1079.mha,train,1
c1080.mha,False,c1080.mha,train,1
c1081.mha,False,c1081.mha,val,2
c1082.mha,False,c1082.mha,train,2
c1083.mha,False,c1083.mha,val,2
c1084.mha,False,c1084.mha,train,1
c1085.mha,False,c1085.mha,val,1
c1086.mha,False,c1086.mha,train,1
c1087.mha,False,c1087.mha,train,0
c1088.mha,False,c1088.mha,test,-1
c1090.mha,False,c1090.mha,train,1
c1091.mha,False,c1091.mha,train,1
c1092.mha,False,c1092.mha,train,2
c1093.mha,False,c1093.mha,val,2
c1096.mha,False,c1096.mha,train,1
c1097.mha,False,c1097.mha,train,0
c1098.mha,False,c1098.mha,train,0
c1099.mha,False,c1099.mha,test,-1
c1100.mha,False,c1100.mha,train,1
c1101.mha,False,c1101.mha,test,-1
c1102.mha,False,c1102.mha,train,0
c1103.mha,False,c1103.mha,train,1
c1104.mha,False,c1104.mha,test,-1
c1105.mha,False,c1105.mha,train,0
c1106.mha,False,c1106.mha,train,0
c1107.mha,False,c1107.mha,train,0
c1108.mha,False,c1108.mha,train,1
c1109.mha,False,c1109.mha,train,1
c1110.mha,False,c1110.mha,train,1
c1111.mha,False,c1111.mha,train,0
c1112.mha,False,c1112.mha,train,1
c1113.mha,False,c1113.mha,test,-1
c1114.mha,False,c1114.mha,train,2
c1115.mha,False,c1115.mha,val,2
c1116.mha,False,c1116.mha,test,-1
c1117.mha,False,c1117.mha,test,-1
c1118.mha,False,c1118.mha,train,2
c1119.mha,False,c1119.mha,val,1
c1120.mha,False,c1120.mha,val,1
c1121.mha,False,c1121.mha,val,1
c1122.mha,False,c1122.mha,val,0
c1123.mha,False,c1123.mha,train,0
c1124.mha,False,c1124.mha,train,2
c1125.mha,False,c1125.mha,test,-1
c1127.mha,False,c1127.mha,train,1
c1128.mha,False,c1128.mha,train,2
c1129.mha,False,c1129.mha,train,1
c1130.mha,False,c1130.mha,train,0
c1131.mha,False,c1131.mha,val,1
c1132.mha,False,c1132.mha,train,2
c1133.mha,False,c1133.mha,train,1
c1134.mha,False,c1134.mha,train,1
c1135.mha,False,c1135.mha,val,2
c1136.mha,False,c1136.mha,val,2
c1137.mha,False,c1137.mha,train,1
c1138.mha,False,c1138.mha,train,2
c1139.mha,False,c1139.mha,test,-1
c1140.mha,False,c1140.mha,train,0
c1141.mha,False,c1141.mha,val,1
c1142.mha,False,c1142.mha,val,0
c1143.mha,False,c1143.mha,train,2
c1144.mha,False,c1144.mha,train,2
c1145.mha,False,c1145.mha,train,1
c1146.mha,False,c1146.mha,test,-1
c1147.mha,False,c1147.mha,test,-1
c1148.mha,False,c1148.mha,val,2
c1149.mha,False,c1149.mha,train,2
c1150.mha,False,c1150.mha,train,0
c1151.mha,False,c1151.mha,val,2
c1152.mha,False,c1152.mha,test,-1
c1153.mha,False,c1153.mha,test,-1
c1154.mha,False,c1154.mha,train,0
c1155.mha,False,c1155.mha,train,2
c1156.mha,False,c1156.mha,train,0
c1157.mha,False,c1157.mha,val,2
c1158.mha,False,c1158.mha,train,2
c1159.mha,False,c1159.mha,train,1
c1160.mha,False,c1160.mha,train,0
c1161.mha,False,c1161.mha,train,0
c1162.mha,False,c1162.mha,train,2
c1163.mha,False,c1163.mha,test,-1
c1164.mha,False,c1164.mha,val,2
c1165.mha,False,c1165.mha,train,1
c1166.mha,False,c1166.mha,train,2
c1167.mha,False,c1167.mha,val,1
c1168.mha,False,c1168.mha,train,1
c1170.mha,False,c1170.mha,train,0
c1171.mha,False,c1171.mha,val,1
c1172.mha,False,c1172.mha,train,2
c1173.mha,False,c1173.mha,test,-1
c1174.mha,False,c1174.mha,train,1
c1175.mha,False,c1175.mha,train,1
c1176.mha,False,c1176.mha,train,1
c1177.mha,False,c1177.mha,train,2
c1178.mha,False,c1178.mha,train,1
c1179.mha,False,c1179.mha,val,1
c1180.mha,False,c1180.mha,test,-1
c1181.mha,False,c1181.mha,test,-1
c1182.mha,False,c1182.mha,train,2
c1183.mha,False,c1183.mha,train,0
c1184.mha,False,c1184.mha,val,1
c1185.mha,False,c1185.mha,train,1
c1186.mha,False,c1186.mha,train,2
c1187.mha,False,c1187.mha,val,2
c1188.mha,False,c1188.mha,train,0
c1189.mha,False,c1189.mha,test,-1
c1190.mha,False,c1190.mha,train,0
c1191.mha,False,c1191.mha,test,-1
c1192.mha,False,c1192.mha,test,-1
c1193.mha,False,c1193.mha,val,2
c1194.mha,False,c1194.mha,train,2
c1195.mha,False,c1195.mha,train,1
c1196.mha,False,c1196.mha,train,2
c1197.mha,False,c1197.mha,train,2
c1198.mha,False,c1198.mha,train,2
c1199.mha,False,c1199.mha,test,-1
c1200.mha,False,c1200.mha,train,2
c1201.mha,False,c1201.mha,train,2
c1202.mha,False,c1202.mha,test,-1
c1203.mha,False,c1203.mha,train,1
c1204.mha,False,c1204.mha,train,0
c1205.mha,False,c1205.mha,test,-1
c1206.mha,False,c1206.mha,train,1
c1207.mha,False,c1207.mha,val,1
c1208.mha,False,c1208.mha,train,0
c1209.mha,False,c1209.mha,test,-1
c1210.mha,False,c1210.mha,train,0
c1211.mha,False,c1211.mha,train,0
c1212.mha,False,c1212.mha,val,2
c1213.mha,False,c1213.mha,train,1
c1214.mha,False,c1214.mha,train,2
c1215.mha,False,c1215.mha,val,1
c1216.mha,False,c1216.mha,train,1
c1217.mha,False,c1217.mha,train,1
c1218.mha,False,c1218.mha,val,2
c1219.mha,False,c1219.mha,test,-1
c1220.mha,False,c1220.mha,train,2
c1221.mha,False,c1221.mha,val,1
c1222.mha,False,c1222.mha,val,2
c1223.mha,False,c1223.mha,train,2
c1224.mha,False,c1224.mha,train,0
c1225.mha,False,c1225.mha,train,1
c1228.mha,False,c1228.mha,train,1
c1229.mha,False,c1229.mha,test,-1
c1230.mha,False,c1230.mha,train,2
c1232.mha,False,c1232.mha,train,0
c1233.mha,False,c1233.mha,train,0
c1234.mha,False,c1234.mha,val,1
c1235.mha,False,c1235.mha,train,1
c1236.mha,False,c1236.mha,train,1
c1237.mha,False,c1237.mha,train,2
c1238.mha,False,c1238.mha,val,0
c1239.mha,False,c1239.mha,train,1
c1240.mha,False,c1240.mha,val,2
c1241.mha,False,c1241.mha,train,2
c1242.mha,False,c1242.mha,train,1
c1243.mha,False,c1243.mha,val,1
c1244.mha,False,c1244.mha,train,0
c1245.mha,False,c1245.mha,train,0
c1246.mha,False,c1246.mha,train,0
c1247.mha,False,c1247.mha,train,2
c1248.mha,False,c1248.mha,val,0
c1249.mha,False,c1249.mha,train,0
c1250.mha,False,c1250.mha,test,-1
c1251.mha,False,c1251.mha,train,2
c1252.mha,False,c1252.mha,test,-1
c1253.mha,False,c1253.mha,train,2
c1255.mha,False,c1255.mha,val,2
c1256.mha,False,c1256.mha,train,2
c1257.mha,False,c1257.mha,train,1
c1258.mha,False,c1258.mha,val,0
c1259.mha,False,c1259.mha,train,1
c1260.mha,False,c1260.mha,train,0
c1261.mha,False,c1261.mha,test,-1
c1262.mha,False,c1262.mha,test,-1
c1263.mha,False,c1263.mha,train,2
c1264.mha,False,c1264.mha,train,1
c1265.mha,False,c1265.mha,val,2
c1266.mha,False,c1266.mha,train,0
c1267.mha,False,c1267.mha,train,0
c1268.mha,False,c1268.mha,val,1
c1269.mha,False,c1269.mha,train,2
c1270.mha,False,c1270.mha,test,-1
c1271.mha,False,c1271.mha,train,1
c1272.mha,False,c1272.mha,train,2
c1273.mha,False,c1273.mha,train,2
c1274.mha,False,c1274.mha,train,1
c1275.mha,False,c1275.mha,test,-1
c1276.mha,False,c1276.mha,test,-1
c1277.mha,False,c1277.mha,test,-1
c1278.mha,False,c1278.mha,train,1
c1279.mha,False,c1279.mha,test,-1
c1280.mha,False,c1280.mha,train,0
c1281.mha,False,c1281.mha,val,1
c1282.mha,False,c1282.mha,train,1
c1283.mha,False,c1283.mha,train,0
c1284.mha,False,c1284.mha,train,1
c1285.mha,False,c1285.mha,train,0
c1286.mha,False,c1286.mha,train,2
c1287.mha,False,c1287.mha,train,0
c1288.mha,False,c1288.mha,train,2
c1289.mha,False,c1289.mha,val,0
c1290.mha,False,c1290.mha,train,2
c1291.mha,False,c1291.mha,val,2
c1292.mha,False,c1292.mha,test,-1
c1293.mha,False,c1293.mha,train,0
c1294.mha,False,c1294.mha,train,0
c1295.mha,False,c1295.mha,train,2
c1296.mha,False,c1296.mha,train,0
c1297.mha,False,c1297.mha,train,1
c1298.mha,False,c1298.mha,val,2
c1299.mha,False,c1299.mha,test,-1
c1300.mha,False,c1300.mha,train,0
c1301.mha,False,c1301.mha,train,2
c1302.mha,False,c1302.mha,train,0
c1303.mha,False,c1303.mha,train,1
c1304.mha,False,c1304.mha,train,2
c1305.mha,False,c1305.mha,train,1
c1306.mha,False,c1306.mha,train,0
c1307.mha,False,c1307.mha,val,0
c1308.mha,False,c1308.mha,train,0
c1309.mha,False,c1309.mha,train,2
c1310.mha,False,c1310.mha,train,1
c1311.mha,False,c1311.mha,train,2
c1312.mha,False,c1312.mha,train,2
c1313.mha,False,c1313.mha,train,0
c1314.mha,False,c1314.mha,val,0
c1315.mha,False,c1315.mha,train,0
c1316.mha,False,c1316.mha,test,-1
c1317.mha,False,c1317.mha,train,2
c1318.mha,False,c1318.mha,train,0
c1319.mha,False,c1319.mha,train,1
c1320.mha,False,c1320.mha,train,2
c1321.mha,False,c1321.mha,train,0
c1323.mha,False,c1323.mha,train,0
c1324.mha,False,c1324.mha,train,1
c1325.mha,False,c1325.mha,val,2
c1326.mha,False,c1326.mha,train,0
c1327.mha,False,c1327.mha,test,-1
c1328.mha,False,c1328.mha,train,1
c1329.mha,False,c1329.mha,val,1
c1330.mha,False,c1330.mha,train,2
c1331.mha,False,c1331.mha,train,1
c1332.mha,False,c1332.mha,train,1
c1333.mha,False,c1333.mha,test,-1
c1334.mha,False,c1334.mha,val,2
c1335.mha,False,c1335.mha,train,1
c1336.mha,False,c1336.mha,train,2
c1337.mha,False,c1337.mha,val,1
c1338.mha,False,c1338.mha,train,2
c1339.mha,False,c1339.mha,train,1
c1340.mha,False,c1340.mha,val,0
c1341.mha,False,c1341.mha,test,-1
c1342.mha,False,c1342.mha,train,0
c1344.mha,False,c1344.mha,test,-1
c1345.mha,False,c1345.mha,train,0
c1347.mha,False,c1347.mha,train,1
c1348.mha,False,c1348.mha,train,2
c1349.mha,False,c1349.mha,train,2
c1350.mha,False,c1350.mha,train,0
c1351.mha,False,c1351.mha,train,0
c1352.mha,False,c1352.mha,train,0
c1353.mha,False,c1353.mha,train,2
c1354.mha,False,c1354.mha,train,0
c1355.mha,False,c1355.mha,train,1
c1356.mha,False,c1356.mha,train,0
c1357.mha,False,c1357.mha,train,2
c1358.mha,False,c1358.mha,train,0
c1359.mha,False,c1359.mha,test,-1
c1360.mha,False,c1360.mha,val,1
c1361.mha,False,c1361.mha,test,-1
c1362.mha,False,c1362.mha,train,1
c1363.mha,False,c1363.mha,test,-1
c1364.mha,False,c1364.mha,train,0
c1365.mha,False,c1365.mha,val,1
c1366.mha,False,c1366.mha,train,2
c1367.mha,False,c1367.mha,train,1
c1368.mha,False,c1368.mha,val,1
c1369.mha,False,c1369.mha,train,0
c1370.mha,False,c1370.mha,test,-1
c1371.mha,False,c1371.mha,train,0
c1372.mha,False,c1372.mha,val,0
c1373.mha,False,c1373.mha,train,1
c1374.mha,False,c1374.mha,train,2
c1375.mha,False,c1375.mha,train,0
c1376.mha,False,c1376.mha,test,-1
c1377.mha,False,c1377.mha,train,1
c1378.mha,False,c1378.mha,train,0
c1380.mha,False,c1380.mha,val,2
c1381.mha,False,c1381.mha,train,2
c1382.mha,False,c1382.mha,train,2
c1383.mha,False,c1383.mha,val,2
c1384.mha,False,c1384.mha,train,2
c1385.mha,False,c1385.mha,train,0
c1386.mha,False,c1386.mha,val,0
c1387.mha,False,c1387.mha,test,-1
c1388.mha,False,c1388.mha,train,1
c1389.mha,False,c1389.mha,train,2
c1390.mha,False,c1390.mha,train,1
c1391.mha,False,c1391.mha,val,0
c1392.mha,False,c1392.mha,train,1
c1393.mha,False,c1393.mha,train,0
c1395.mha,False,c1395.mha,test,-1
c1396.mha,False,c1396.mha,train,2
c1397.mha,False,c1397.mha,train,0
c1398.mha,False,c1398.mha,val,2
c1399.mha,False,c1399.mha,train,0
c1400.mha,False,c1400.mha,val,1
c1401.mha,False,c1401.mha,val,0
c1402.mha,False,c1402.mha,train,2
c1403.mha,False,c1403.mha,train,0
c1404.mha,False,c1404.mha,test,-1
c1405.mha,False,c1405.mha,val,0
c1406.mha,False,c1406.mha,val,0
c1407.mha,False,c1407.mha,test,-1
c1408.mha,False,c1408.mha,train,2
c1409.mha,False,c1409.mha,train,2
c1410.mha,False,c1410.mha,train,2
c1411.mha,False,c1411.mha,train,1
c1412.mha,False,c1412.mha,test,-1
c1413.mha,False,c1413.mha,test,-1
c1414.mha,False,c1414.mha,train,2
c1415.mha,False,c1415.mha,train,0
c1416.mha,False,c1416.mha,val,2
c1417.mha,False,c1417.mha,train,0
c1418.mha,False,c1418.mha,test,-1
c1419.mha,False,c1419.mha,test,-1
c1420.mha,False,c1420.mha,train,2
c1421.mha,False,c1421.mha,train,2
c1422.mha,False,c1422.mha,train,2
c1423.mha,False,c1423.mha,train,2
c1424.mha,False,c1424.mha,val,2
c1425.mha,False,c1425.mha,test,-1
c1426.mha,False,c1426.mha,train,2
c1427.mha,False,c1427.mha,train,1
c1428.mha,False,c1428.mha,val,2
c1429.mha,False,c1429.mha,train,0
c1430.mha,False,c1430.mha,val,1
c1431.mha,False,c1431.mha,val,0
c1432.mha,False,c1432.mha,train,1
c1433.mha,False,c1433.mha,train,2
c1434.mha,False,c1434.mha,train,0
c1435.mha,False,c1435.mha,test,-1
c1436.mha,False,c1436.mha,val,1
c1437.mha,False,c1437.mha,test,-1
c1438.mha,False,c1438.mha,train,2
c1439.mha,False,c1439.mha,train,1
c1440.mha,False,c1440.mha,val,2
c1441.mha,False,c1441.mha,train,0
c1442.mha,False,c1442.mha,train,1
c1443.mha,False,c1443.mha,test,-1
c1444.mha,False,c1444.mha,val,0
c1445.mha,False,c1445.mha,train,2
c1446.mha,False,c1446.mha,train,0
c1447.mha,False,c1447.mha,val,2
c1448.mha,False,c1448.mha,train,0
c1449.mha,False,c1449.mha,train,0
c1450.mha,False,c1450.mha,train,2
c1451.mha,False,c1451.mha,val,0
c1452.mha,False,c1452.mha,train,1
c1453.mha,False,c1453.mha,train,2
c1454.mha,False,c1454.mha,val,2
c1455.mha,False,c1455.mha,train,2
c1456.mha,False,c1456.mha,train,0
c1457.mha,False,c1457.mha,train,0
c1458.mha,False,c1458.mha,train,0
c1459.mha,False,c1459.mha,val,1
c1460.mha,False,c1460.mha,train,0
c1461.mha,False,c1461.mha,test,-1
c1462.mha,False,c1462.mha,train,1
c1463.mha,False,c1463.mha,test,-1
c1464.mha,False,c1464.mha,train,2
c1465.mha,False,c1465.mha,train,2
c1466.mha,False,c1466.mha,train,2
c1467.mha,False,c1467.mha,train,0
c1468.mha,False,c1468.mha,train,0
c1469.mha,False,c1469.mha,train,0
c1470.mha,False,c1470.mha,train,0
c1471.mha,False,c1471.mha,val,2
c1472.mha,False,c1472.mha,test,-1
c1473.mha,False,c1473.mha,train,1
c1475.mha,False,c1475.mha,train,2
c1476.mha,False,c1476.mha,val,2
c1477.mha,False,c1477.mha,train,1
c1478.mha,False,c1478.mha,test,-1
c1479.mha,False,c1479.mha,train,0
c1480.mha,False,c1480.mha,val,1
c1481.mha,False,c1481.mha,train,2
c1482.mha,False,c1482.mha,train,0
c1483.mha,False,c1483.mha,train,2
c1484.mha,False,c1484.mha,val,1
c1485.mha,False,c1485.mha,train,1
c1486.mha,False,c1486.mha,train,0
c1487.mha,False,c1487.mha,train,0
c1488.mha,False,c1488.mha,test,-1
c1489.mha,False,c1489.mha,train,1
c1490.mha,False,c1490.mha,test,-1
c1491.mha,False,c1491.mha,train,0
c1492.mha,False,c1492.mha,train,1
c1493.mha,False,c1493.mha,train,2
c1494.mha,False,c1494.mha,train,0
c1495.mha,False,c1495.mha,train,1
c1496.mha,False,c1496.mha,val,2
c1497.mha,False,c1497.mha,train,0
c1498.mha,False,c1498.mha,test,-1
c1499.mha,False,c1499.mha,train,0
c1500.mha,False,c1500.mha,train,2
c1501.mha,False,c1501.mha,train,0
c1502.mha,False,c1502.mha,val,0
c1503.mha,False,c1503.mha,test,-1
c1504.mha,False,c1504.mha,train,1
c1505.mha,False,c1505.mha,train,0
c1506.mha,False,c1506.mha,train,2
c1507.mha,False,c1507.mha,train,0
c1508.mha,False,c1508.mha,train,2
c1509.mha,False,c1509.mha,train,1
c1510.mha,False,c1510.mha,train,0
c1511.mha,False,c1511.mha,val,1
c1512.mha,False,c1512.mha,train,2
c1513.mha,False,c1513.mha,train,2
c1514.mha,False,c1514.mha,train,0
c1515.mha,False,c1515.mha,val,2
c1516.mha,False,c1516.mha,train,2
c1517.mha,False,c1517.mha,train,1
c1518.mha,False,c1518.mha,train,1
c1519.mha,False,c1519.mha,train,2
c1520.mha,False,c1520.mha,test,-1
c1521.mha,False,c1521.mha,test,-1
c1522.mha,False,c1522.mha,train,2
c1523.mha,False,c1523.mha,train,1
c1524.mha,False,c1524.mha,train,0
c1525.mha,False,c1525.mha,train,1
c1526.mha,False,c1526.mha,train,0
c1527.mha,False,c1527.mha,train,2
c1528.mha,False,c1528.mha,train,0
c1529.mha,False,c1529.mha,train,2
c1530.mha,False,c1530.mha,train,1
c1531.mha,False,c1531.mha,train,1
c1532.mha,False,c1532.mha,train,2
c1533.mha,False,c1533.mha,train,1
c1534.mha,False,c1534.mha,train,2
c1535.mha,False,c1535.mha,train,0
c1536.mha,False,c1536.mha,train,0
c1537.mha,False,c1537.mha,val,2
c1538.mha,False,c1538.mha,train,1
c1539.mha,False,c1539.mha,val,2
c1540.mha,False,c1540.mha,train,1
c1541.mha,False,c1541.mha,train,1
c1542.mha,False,c1542.mha,train,1
c1543.mha,False,c1543.mha,train,2
c1544.mha,False,c1544.mha,val,2
c1545.mha,False,c1545.mha,test,-1
c1546.mha,False,c1546.mha,train,1
c1547.mha,False,c1547.mha,val,1
c1548.mha,False,c1548.mha,test,-1
c1549.mha,False,c1549.mha,val,2
c1550.mha,False,c1550.mha,train,2
c1551.mha,False,c1551.mha,train,1
c1552.mha,False,c1552.mha,val,0
c1553.mha,False,c1553.mha,val,1
c1554.mha,False,c1554.mha,val,1
c1555.mha,False,c1555.mha,train,1
c1556.mha,False,c1556.mha,train,2
c1557.mha,False,c1557.mha,val,1
c1558.mha,False,c1558.mha,train,2
c1559.mha,False,c1559.mha,val,1
c1560.mha,False,c1560.mha,test,-1
c1561.mha,False,c1561.mha,train,1
c1562.mha,False,c1562.mha,train,1
c1563.mha,False,c1563.mha,train,0
c1564.mha,False,c1564.mha,train,0
c1566.mha,False,c1566.mha,train,0
c1567.mha,False,c1567.mha,train,0
c1568.mha,False,c1568.mha,train,0
c1569.mha,False,c1569.mha,train,1
c1570.mha,False,c1570.mha,test,-1
c1571.mha,False,c1571.mha,train,1
c1572.mha,False,c1572.mha,train,0
c1573.mha,False,c1573.mha,train,2
c1574.mha,False,c1574.mha,test,-1
c1575.mha,False,c1575.mha,val,0
c1576.mha,False,c1576.mha,train,0
c1578.mha,False,c1578.mha,train,2
c1579.mha,False,c1579.mha,train,0
c1580.mha,False,c1580.mha,train,2
c1581.mha,False,c1581.mha,train,2
c1582.mha,False,c1582.mha,train,1
c1583.mha,False,c1583.mha,train,1
c1584.mha,False,c1584.mha,train,1
c1585.mha,False,c1585.mha,val,1
c1586.mha,False,c1586.mha,train,1
c1587.mha,False,c1587.mha,train,1
c1589.mha,False,c1589.mha,train,0
c1590.mha,False,c1590.mha,train,1
c1591.mha,False,c1591.mha,train,1
c1592.mha,False,c1592.mha,train,2
c1593.mha,False,c1593.mha,train,2
c1594.mha,False,c1594.mha,test,-1
c1595.mha,False,c1595.mha,train,1
c1596.mha,False,c1596.mha,train,0
c1597.mha,False,c1597.mha,train,2
c1599.mha,False,c1599.mha,train,2
c1600.mha,False,c1600.mha,val,1
c1601.mha,False,c1601.mha,train,2
c1602.mha,False,c1602.mha,val,2
c1603.mha,False,c1603.mha,train,0
c1604.mha,False,c1604.mha,train,2
c1605.mha,False,c1605.mha,train,2
c1607.mha,False,c1607.mha,train,1
c1608.mha,False,c1608.mha,train,0
c1609.mha,False,c1609.mha,train,1
c1610.mha,False,c1610.mha,train,1
c1611.mha,False,c1611.mha,val,1
c1612.mha,False,c1612.mha,test,-1
c1613.mha,False,c1613.mha,train,1
c1614.mha,False,c1614.mha,train,2
c1615.mha,False,c1615.mha,train,0
c1616.mha,False,c1616.mha,train,1
c1617.mha,False,c1617.mha,train,0
c1618.mha,False,c1618.mha,train,2
c1619.mha,False,c1619.mha,train,2
c1620.mha,False,c1620.mha,train,0
c1621.mha,False,c1621.mha,train,2
c1622.mha,False,c1622.mha,val,2
c1623.mha,False,c1623.mha,train,1
c1624.mha,False,c1624.mha,train,1
c1625.mha,False,c1625.mha,test,-1
c1626.mha,False,c1626.mha,train,1
c1627.mha,False,c1627.mha,train,1
c1628.mha,False,c1628.mha,train,0
c1629.mha,False,c1629.mha,train,2
c1630.mha,False,c1630.mha,train,1
c1631.mha,False,c1631.mha,train,1
c1632.mha,False,c1632.mha,train,1
c1633.mha,False,c1633.mha,train,2
c1634.mha,False,c1634.mha,train,0
c1635.mha,False,c1635.mha,test,-1
c1636.mha,False,c1636.mha,val,2
c1637.mha,False,c1637.mha,test,-1
c1638.mha,False,c1638.mha,train,2
c1639.mha,False,c1639.mha,val,2
c1640.mha,False,c1640.mha,train,2
c1641.mha,False,c1641.mha,train,2
c1642.mha,False,c1642.mha,train,1
c1643.mha,False,c1643.mha,test,-1
c1645.mha,False,c1645.mha,train,1
c1646.mha,False,c1646.mha,train,2
c1647.mha,False,c1647.mha,val,1
c1648.mha,False,c1648.mha,val,1
c1649.mha,False,c1649.mha,test,-1
c1650.mha,False,c1650.mha,val,1
c1651.mha,False,c1651.mha,train,1
c1652.mha,False,c1652.mha,train,2
c1653.mha,False,c1653.mha,train,1
c1654.mha,False,c1654.mha,test,-1
c1655.mha,False,c1655.mha,train,1
c1656.mha,False,c1656.mha,train,1
c1657.mha,False,c1657.mha,train,0
c1658.mha,False,c1658.mha,train,2
c1659.mha,False,c1659.mha,train,2
c1660.mha,False,c1660.mha,train,1
c1661.mha,False,c1661.mha,train,0
c1662.mha,False,c1662.mha,train,2
c1663.mha,False,c1663.mha,train,2
c1664.mha,False,c1664.mha,train,2
c1665.mha,False,c1665.mha,test,-1
c1666.mha,False,c1666.mha,train,1
c1667.mha,False,c1667.mha,train,2
c1668.mha,False,c1668.mha,train,1
c1669.mha,False,c1669.mha,train,1
c1670.mha,False,c1670.mha,train,2
c1671.mha,False,c1671.mha,train,1
c1672.mha,False,c1672.mha,train,1
c1673.mha,False,c1673.mha,train,0
c1674.mha,False,c1674.mha,test,-1
c1675.mha,False,c1675.mha,val,0
c1676.mha,False,c1676.mha,test,-1
c1677.mha,False,c1677.mha,train,0
c1678.mha,False,c1678.mha,train,0
c1679.mha,False,c1679.mha,train,0
c1680.mha,False,c1680.mha,test,-1
c1681.mha,False,c1681.mha,test,-1
c1682.mha,False,c1682.mha,val,2
c1683.mha,False,c1683.mha,val,1
c1684.mha,False,c1684.mha,train,2
c1685.mha,False,c1685.mha,train,0
c1686.mha,False,c1686.mha,train,2
c1687.mha,False,c1687.mha,train,1
c1688.mha,False,c1688.mha,val,1
c1689.mha,False,c1689.mha,train,0
c1690.mha,False,c1690.mha,train,0
c1691.mha,False,c1691.mha,train,1
c1692.mha,False,c1692.mha,train,0
c1693.mha,False,c1693.mha,val,2
c1694.mha,False,c1694.mha,train,0
c1695.mha,False,c1695.mha,train,2
c1696.mha,False,c1696.mha,train,1
c1697.mha,False,c1697.mha,train,0
c1698.mha,False,c1698.mha,train,0
c1699.mha,False,c1699.mha,train,0
c1700.mha,False,c1700.mha,test,-1
c1701.mha,False,c1701.mha,train,1
c1702.mha,False,c1702.mha,train,2
c1703.mha,False,c1703.mha,val,0
c1704.mha,False,c1704.mha,train,1
c1705.mha,False,c1705.mha,test,-1
c1706.mha,False,c1706.mha,test,-1
c1707.mha,False,c1707.mha,train,2
c1708.mha,False,c1708.mha,train,2
c1709.mha,False,c1709.mha,val,0
c1710.mha,False,c1710.mha,train,1
c1711.mha,False,c1711.mha,test,-1
c1712.mha,False,c1712.mha,test,-1
c1713.mha,False,c1713.mha,train,1
c1714.mha,False,c1714.mha,train,1
c1715.mha,False,c1715.mha,test,-1
c1716.mha,False,c1716.mha,train,2
c1717.mha,False,c1717.mha,train,1
c1718.mha,False,c1718.mha,val,2
c1719.mha,False,c1719.mha,train,1
c1720.mha,False,c1720.mha,train,1
c1721.mha,False,c1721.mha,val,1
c1722.mha,False,c1722.mha,train,0
c1723.mha,False,c1723.mha,train,1
c1724.mha,False,c1724.mha,train,2
c1725.mha,False,c1725.mha,train,1
c1726.mha,False,c1726.mha,train,1
c1727.mha,False,c1727.mha,val,1
c1728.mha,False,c1728.mha,test,-1
c1729.mha,False,c1729.mha,train,0
c1731.mha,False,c1731.mha,train,0
c1732.mha,False,c1732.mha,train,2
c1733.mha,False,c1733.mha,train,1
c1734.mha,False,c1734.mha,train,1
c1735.mha,False,c1735.mha,val,1
c1736.mha,False,c1736.mha,train,1
c1737.mha,False,c1737.mha,train,1
c1738.mha,False,c1738.mha,val,0
c1739.mha,False,c1739.mha,train,0
c1740.mha,False,c1740.mha,train,2
c1742.mha,False,c1742.mha,train,1
c1743.mha,False,c1743.mha,train,2
c1744.mha,False,c1744.mha,train,0
c1745.mha,False,c1745.mha,train,0
c1746.mha,False,c1746.mha,test,-1
c1747.mha,False,c1747.mha,val,2
c1748.mha,False,c1748.mha,train,2
c1749.mha,False,c1749.mha,val,0
c1750.mha,False,c1750.mha,val,0
c1751.mha,False,c1751.mha,test,-1
c1752.mha,False,c1752.mha,train,0
c1753.mha,False,c1753.mha,val,0
c1754.mha,False,c1754.mha,test,-1
c1755.mha,False,c1755.mha,train,1
c1756.mha,False,c1756.mha,train,1
c1757.mha,False,c1757.mha,val,2
c1758.mha,False,c1758.mha,train,0
c1759.mha,False,c1759.mha,train,2
c1760.mha,False,c1760.mha,train,0
c1761.mha,False,c1761.mha,test,-1
c1762.mha,False,c1762.mha,test,-1
c1763.mha,False,c1763.mha,train,1
c1765.mha,False,c1765.mha,train,1
c1766.mha,False,c1766.mha,train,2
c1767.mha,False,c1767.mha,val,0
c1768.mha,False,c1768.mha,test,-1
c1769.mha,False,c1769.mha,train,0
c1770.mha,False,c1770.mha,train,1
c1771.mha,False,c1771.mha,train,0
c1772.mha,False,c1772.mha,train,1
c1773.mha,False,c1773.mha,train,1
c1774.mha,False,c1774.mha,train,1
c1775.mha,False,c1775.mha,val,0
c1776.mha,False,c1776.mha,train,0
c1777.mha,False,c1777.mha,train,2
c1778.mha,False,c1778.mha,train,0
c1779.mha,False,c1779.mha,train,1
c1780.mha,False,c1780.mha,val,1
c1781.mha,False,c1781.mha,val,2
c1782.mha,False,c1782.mha,val,0
c1783.mha,False,c1783.mha,val,1
c1784.mha,False,c1784.mha,train,2
c1785.mha,False,c1785.mha,train,0
c1786.mha,False,c1786.mha,train,2
c1787.mha,False,c1787.mha,train,1
c1788.mha,False,c1788.mha,test,-1
c1789.mha,False,c1789.mha,train,2
c1790.mha,False,c1790.mha,train,1
c1791.mha,False,c1791.mha,test,-1
c1792.mha,False,c1792.mha,val,1
c1793.mha,False,c1793.mha,train,1
c1794.mha,False,c1794.mha,val,1
c1795.mha,False,c1795.mha,val,1
c1796.mha,False,c1796.mha,train,1
c1797.mha,False,c1797.mha,train,2
c1798.mha,False,c1798.mha,val,2
c1799.mha,False,c1799.mha,train,2
c1800.mha,False,c1800.mha,test,-1
c1801.mha,False,c1801.mha,train,1
c1802.mha,False,c1802.mha,train,1
c1803.mha,False,c1803.mha,train,0
c1804.mha,False,c1804.mha,train,0
c1805.mha,False,c1805.mha,val,0
c1806.mha,False,c1806.mha,val,1
c1807.mha,False,c1807.mha,val,2
c1808.mha,False,c1808.mha,train,1
c1809.mha,False,c1809.mha,train,1
c1810.mha,False,c1810.mha,val,2
c1811.mha,False,c1811.mha,test,-1
c1812.mha,False,c1812.mha,train,2
c1813.mha,False,c1813.mha,test,-1
c1814.mha,False,c1814.mha,train,0
c1815.mha,False,c1815.mha,train,1
c1816.mha,False,c1816.mha,train,0
c1817.mha,False,c1817.mha,train,1
c1818.mha,False,c1818.mha,val,1
c1819.mha,False,c1819.mha,train,1
c1820.mha,False,c1820.mha,test,-1
c1821.mha,False,c1821.mha,train,0
c1822.mha,False,c1822.mha,train,2
c1823.mha,False,c1823.mha,train,0
c1824.mha,False,c1824.mha,train,1
c1825.mha,False,c1825.mha,train,1
c1826.mha,False,c1826.mha,val,1
c1827.mha,False,c1827.mha,train,0
c1828.mha,False,c1828.mha,train,0
c1829.mha,False,c1829.mha,test,-1
c1831.mha,False,c1831.mha,test,-1
c1832.mha,False,c1832.mha,val,1
c1833.mha,False,c1833.mha,test,-1
c1834.mha,False,c1834.mha,test,-1
c1835.mha,False,c1835.mha,val,2
c1836.mha,False,c1836.mha,train,1
c1837.mha,False,c1837.mha,train,0
c1838.mha,False,c1838.mha,train,2
c1839.mha,False,c1839.mha,train,1
c1840.mha,False,c1840.mha,train,2
c1841.mha,False,c1841.mha,train,1
c1842.mha,False,c1842.mha,val,0
c1843.mha,False,c1843.mha,train,0
c1844.mha,False,c1844.mha,test,-1
c1845.mha,False,c1845.mha,test,-1
c1846.mha,False,c1846.mha,train,1
c1847.mha,False,c1847.mha,train,2
c1848.mha,False,c1848.mha,test,-1
c1849.mha,False,c1849.mha,train,0
c1850.mha,False,c1850.mha,train,2
c1851.mha,False,c1851.mha,train,2
c1852.mha,False,c1852.mha,train,0
c1853.mha,False,c1853.mha,train,1
c1854.mha,False,c1854.mha,train,2
c1855.mha,False,c1855.mha,train,2
c1856.mha,False,c1856.mha,train,1
c1857.mha,False,c1857.mha,train,1
c1858.mha,False,c1858.mha,test,-1
c1859.mha,False,c1859.mha,train,2
c1860.mha,False,c1860.mha,train,2
c1861.mha,False,c1861.mha,test,-1
c1862.mha,False,c1862.mha,test,-1
c1863.mha,False,c1863.mha,train,1
c1864.mha,False,c1864.mha,test,-1
c1865.mha,False,c1865.mha,val,0
c1866.mha,False,c1866.mha,test,-1
c1867.mha,False,c1867.mha,train,2
c1868.mha,False,c1868.mha,val,2
c1869.mha,False,c1869.mha,test,-1
c1870.mha,False,c1870.mha,train,0
c1871.mha,False,c1871.mha,train,1
c1872.mha,False,c1872.mha,val,1
c1873.mha,False,c1873.mha,train,0
c1874.mha,False,c1874.mha,train,1
c1875.mha,False,c1875.mha,test,-1
c1876.mha,False,c1876.mha,train,1
c1877.mha,False,c1877.mha,train,0
c1878.mha,False,c1878.mha,test,-1
c1879.mha,False,c1879.mha,train,0
c1880.mha,False,c1880.mha,val,2
c1881.mha,False,c1881.mha,train,1
c1882.mha,False,c1882.mha,train,0
c1883.mha,False,c1883.mha,train,1
c1884.mha,False,c1884.mha,val,2
c1885.mha,False,c1885.mha,test,-1
c1886.mha,False,c1886.mha,train,2
c1888.mha,False,c1888.mha,val,2
c1889.mha,False,c1889.mha,train,0
c1890.mha,False,c1890.mha,train,1
c1892.mha,False,c1892.mha,train,2
c1893.mha,False,c1893.mha,test,-1
c1894.mha,False,c1894.mha,train,0
c1895.mha,False,c1895.mha,train,2
c1896.mha,False,c1896.mha,train,1
c1897.mha,False,c1897.mha,train,0
c1898.mha,False,c1898.mha,test,-1
c1899.mha,False,c1899.mha,val,0
c1900.mha,False,c1900.mha,train,1
c1901.mha,False,c1901.mha,train,0
c1902.mha,False,c1902.mha,train,2
c1903.mha,False,c1903.mha,train,2
c1904.mha,False,c1904.mha,train,1
c1905.mha,False,c1905.mha,train,0
c1906.mha,False,c1906.mha,test,-1
c1907.mha,False,c1907.mha,train,1
c1908.mha,False,c1908.mha,test,-1
c1909.mha,False,c1909.mha,train,1
c1911.mha,False,c1911.mha,train,0
c1912.mha,False,c1912.mha,val,0
c1913.mha,False,c1913.mha,train,1
c1914.mha,False,c1914.mha,train,0
c1915.mha,False,c1915.mha,train,0
c1916.mha,False,c1916.mha,train,1
c1917.mha,False,c1917.mha,train,1
c1918.mha,False,c1918.mha,train,1
c1919.mha,False,c1919.mha,train,2
c1920.mha,False,c1920.mha,train,0
c1921.mha,False,c1921.mha,train,0
c1922.mha,False,c1922.mha,train,0
c1923.mha,False,c1923.mha,train,1
c1924.mha,False,c1924.mha,train,1
c1925.mha,False,c1925.mha,val,2
c1926.mha,False,c1926.mha,val,2
c1927.mha,False,c1927.mha,test,-1
c1928.mha,False,c1928.mha,train,1
c1929.mha,False,c1929.mha,train,2
c1930.mha,False,c1930.mha,train,2
c1931.mha,False,c1931.mha,train,0
c1932.mha,False,c1932.mha,train,0
c1933.mha,False,c1933.mha,train,0
c1934.mha,False,c1934.mha,train,0
c1935.mha,False,c1935.mha,train,1
c1936.mha,False,c1936.mha,train,2
c1937.mha,False,c1937.mha,train,1
c1938.mha,False,c1938.mha,train,0
c1939.mha,False,c1939.mha,train,2
c1940.mha,False,c1940.mha,train,1
c1941.mha,False,c1941.mha,train,0
c1942.mha,False,c1942.mha,train,1
c1943.mha,False,c1943.mha,train,0
c1944.mha,False,c1944.mha,train,1
c1945.mha,False,c1945.mha,train,1
c1946.mha,False,c1946.mha,train,2
c1947.mha,False,c1947.mha,test,-1
c1948.mha,False,c1948.mha,test,-1
c1949.mha,False,c1949.mha,train,1
c1950.mha,False,c1950.mha,train,2
c1951.mha,False,c1951.mha,val,0
c1952.mha,False,c1952.mha,train,2
c1953.mha,False,c1953.mha,train,0
c1954.mha,False,c1954.mha,train,1
c1955.mha,False,c1955.mha,train,0
c1956.mha,False,c1956.mha,train,0
c1957.mha,False,c1957.mha,train,2
c1958.mha,False,c1958.mha,train,1
c1959.mha,False,c1959.mha,train,2
c1960.mha,False,c1960.mha,train,1
c1961.mha,False,c1961.mha,train,0
c1962.mha,False,c1962.mha,test,-1
c1963.mha,False,c1963.mha,test,-1
c1964.mha,False,c1964.mha,train,2
c1965.mha,False,c1965.mha,train,2
c1966.mha,False,c1966.mha,test,-1
c1967.mha,False,c1967.mha,train,1
c1968.mha,False,c1968.mha,train,2
c1969.mha,False,c1969.mha,val,1
c1970.mha,False,c1970.mha,test,-1
c1971.mha,False,c1971.mha,val,2
c1972.mha,False,c1972.mha,train,1
c1973.mha,False,c1973.mha,val,1
c1974.mha,False,c1974.mha,train,1
c1975.mha,False,c1975.mha,test,-1
c1976.mha,False,c1976.mha,train,1
c1977.mha,False,c1977.mha,train,1
c1978.mha,False,c1978.mha,test,-1
c1979.mha,False,c1979.mha,val,0
c1980.mha,False,c1980.mha,train,1
c1981.mha,False,c1981.mha,train,0
c1982.mha,False,c1982.mha,train,0
c1983.mha,False,c1983.mha,train,1
c1984.mha,False,c1984.mha,val,2
c1985.mha,False,c1985.mha,test,-1
c1986.mha,False,c1986.mha,val,2
c1987.mha,False,c1987.mha,train,2
c1988.mha,False,c1988.mha,train,1
c1989.mha,False,c1989.mha,test,-1
c1990.mha,False,c1990.mha,train,0
c1991.mha,False,c1991.mha,train,1
c1992.mha,False,c1992.mha,train,0
c1993.mha,False,c1993.mha,train,1
c1994.mha,False,c1994.mha,train,2
c1995.mha,False,c1995.mha,train,2
c1996.mha,False,c1996.mha,train,0
c1997.mha,False,c1997.mha,test,-1
c1998.mha,False,c1998.mha,train,2
c1999.mha,False,c1999.mha,test,-1
c2000.mha,False,c2000.mha,train,0
c2001.mha,False,c2001.mha,train,0
c2002.mha,False,c2002.mha,train,2
c2003.mha,False,c2003.mha,test,-1
c2004.mha,False,c2004.mha,train,1
c2005.mha,False,c2005.mha,train,1
c2006.mha,False,c2006.mha,train,2
c2007.mha,False,c2007.mha,train,2
c2008.mha,False,c2008.mha,test,-1
c2009.mha,False,c2009.mha,train,0
c2010.mha,False,c2010.mha,train,2
c2011.mha,False,c2011.mha,train,1
c2012.mha,False,c2012.mha,val,1
c2013.mha,False,c2013.mha,train,2
c2014.mha,False,c2014.mha,train,0
c2015.mha,False,c2015.mha,train,2
c2016.mha,False,c2016.mha,train,0
c2017.mha,False,c2017.mha,val,0
c2018.mha,False,c2018.mha,val,0
c2019.mha,False,c2019.mha,train,2
c2020.mha,False,c2020.mha,test,-1
c2021.mha,False,c2021.mha,val,2
c2022.mha,False,c2022.mha,test,-1
c2023.mha,False,c2023.mha,val,1
c2024.mha,False,c2024.mha,train,0
c2025.mha,False,c2025.mha,train,2
c2026.mha,False,c2026.mha,train,2
c2027.mha,False,c2027.mha,train,2
c2028.mha,False,c2028.mha,train,1
c2030.mha,False,c2030.mha,test,-1
c2031.mha,False,c2031.mha,train,1
c2032.mha,False,c2032.mha,test,-1
c2033.mha,False,c2033.mha,train,0
c2034.mha,False,c2034.mha,train,1
c2035.mha,False,c2035.mha,train,0
c2036.mha,False,c2036.mha,test,-1
c2037.mha,False,c2037.mha,train,0
c2038.mha,False,c2038.mha,train,1
c2039.mha,False,c2039.mha,train,0
c2040.mha,False,c2040.mha,train,2
c2041.mha,False,c2041.mha,train,0
c2042.mha,False,c2042.mha,val,0
c2044.mha,False,c2044.mha,test,-1
c2045.mha,False,c2045.mha,train,0
c2046.mha,False,c2046.mha,test,-1
c2047.mha,False,c2047.mha,train,1
c2048.mha,False,c2048.mha,train,0
c2049.mha,False,c2049.mha,train,0
c2050.mha,False,c2050.mha,train,0
c2051.mha,False,c2051.mha,train,1
c2052.mha,False,c2052.mha,test,-1
c2053.mha,False,c2053.mha,train,2
c2054.mha,False,c2054.mha,train,1
c2055.mha,False,c2055.mha,test,-1
c2056.mha,False,c2056.mha,train,1
c2057.mha,False,c2057.mha,train,1
c2058.mha,False,c2058.mha,train,1
c2059.mha,False,c2059.mha,test,-1
c2060.mha,False,c2060.mha,train,1
c2061.mha,False,c2061.mha,train,1
c2062.mha,False,c2062.mha,train,2
c2063.mha,False,c2063.mha,train,0
c2064.mha,False,c2064.mha,train,1
c2065.mha,False,c2065.mha,train,0
c2066.mha,False,c2066.mha,train,2
c2067.mha,False,c2067.mha,test,-1
c2068.mha,False,c2068.mha,train,1
c2069.mha,False,c2069.mha,val,0
c2070.mha,False,c2070.mha,train,2
c2071.mha,False,c2071.mha,test,-1
c2072.mha,False,c2072.mha,test,-1
c2073.mha,False,c2073.mha,train,2
c2074.mha,False,c2074.mha,val,2
c2075.mha,False,c2075.mha,train,0
c2076.mha,False,c2076.mha,val,1
c2077.mha,False,c2077.mha,train,1
c2078.mha,False,c2078.mha,train,0
c2079.mha,False,c2079.mha,train,2
c2080.mha,False,c2080.mha,train,2
c2081.mha,False,c2081.mha,train,2
c2082.mha,False,c2082.mha,train,0
c2083.mha,False,c2083.mha,train,0
c2084.mha,False,c2084.mha,test,-1
c2085.mha,False,c2085.mha,train,0
c2088.mha,False,c2088.mha,train,0
c2089.mha,False,c2089.mha,train,0
c2090.mha,False,c2090.mha,test,-1
c2091.mha,False,c2091.mha,train,1
c2092.mha,False,c2092.mha,train,2
c2093.mha,False,c2093.mha,val,1
c2094.mha,False,c2094.mha,val,1
c2095.mha,False,c2095.mha,test,-1
c2096.mha,False,c2096.mha,train,2
c2097.mha,False,c2097.mha,train,2
c2098.mha,False,c2098.mha,train,1
c2099.mha,False,c2099.mha,test,-1
c2100.mha,False,c2100.mha,train,2
c2101.mha,False,c2101.mha,train,2
c2102.mha,False,c2102.mha,test,-1
c2103.mha,False,c2103.mha,val,2
c2105.mha,False,c2105.mha,train,2
c2106.mha,False,c2106.mha,val,2
c2107.mha,False,c2107.mha,train,0
c2108.mha,False,c2108.mha,train,2
c2109.mha,False,c2109.mha,train,0
c2110.mha,False,c2110.mha,train,2
c2111.mha,False,c2111.mha,train,2
c2112.mha,False,c2112.mha,train,1
c2113.mha,False,c2113.mha,train,2
c2114.mha,False,c2114.mha,test,-1
c2115.mha,False,c2115.mha,train,2
c2116.mha,False,c2116.mha,val,0
c2117.mha,False,c2117.mha,val,0
c2118.mha,False,c2118.mha,train,0
c2119.mha,False,c2119.mha,train,2
c2120.mha,False,c2120.mha,train,0
c2121.mha,False,c2121.mha,train,2
c2122.mha,False,c2122.mha,train,1
c2123.mha,False,c2123.mha,train,2
c2124.mha,False,c2124.mha,train,0
c2125.mha,False,c2125.mha,train,2
c2126.mha,False,c2126.mha,val,0
c2127.mha,False,c2127.mha,train,2
c2128.mha,False,c2128.mha,val,1
c2129.mha,False,c2129.mha,train,2
c2130.mha,False,c2130.mha,test,-1
c2131.mha,False,c2131.mha,train,2
c2132.mha,False,c2132.mha,train,0
c2133.mha,False,c2133.mha,train,1
c2134.mha,False,c2134.mha,val,0
c2135.mha,False,c2135.mha,train,1
c2136.mha,False,c2136.mha,val,2
c2137.mha,False,c2137.mha,train,1
c2138.mha,False,c2138.mha,train,2
c2139.mha,False,c2139.mha,train,0
c2140.mha,False,c2140.mha,test,-1
c2141.mha,False,c2141.mha,val,1
c2142.mha,False,c2142.mha,test,-1
c2143.mha,False,c2143.mha,train,0
c2144.mha,False,c2144.mha,train,1
c2145.mha,False,c2145.mha,val,1
c2146.mha,False,c2146.mha,val,0
c2147.mha,False,c2147.mha,val,0
c2148.mha,False,c2148.mha,train,1
c2149.mha,False,c2149.mha,train,2
c2150.mha,False,c2150.mha,train,0
c2151.mha,False,c2151.mha,train,2
c2152.mha,False,c2152.mha,val,2
c2153.mha,False,c2153.mha,train,2
c2154.mha,False,c2154.mha,train,1
c2155.mha,False,c2155.mha,train,2
c2156.mha,False,c2156.mha,train,2
c2157.mha,False,c2157.mha,train,1
c2158.mha,False,c2158.mha,test,-1
c2159.mha,False,c2159.mha,test,-1
c2160.mha,False,c2160.mha,train,0
c2161.mha,False,c2161.mha,train,2
c2162.mha,False,c2162.mha,train,0
c2163.mha,False,c2163.mha,train,2
c2164.mha,False,c2164.mha,val,1
c2165.mha,False,c2165.mha,train,1
c2166.mha,False,c2166.mha,val,0
c2167.mha,False,c2167.mha,test,-1
c2168.mha,False,c2168.mha,val,1
c2169.mha,False,c2169.mha,train,2
c2170.mha,False,c2170.mha,train,1
c2172.mha,False,c2172.mha,train,1
c2173.mha,False,c2173.mha,train,0
c2174.mha,False,c2174.mha,val,0
c2175.mha,False,c2175.mha,test,-1
c2176.mha,False,c2176.mha,val,0
c2178.mha,False,c2178.mha,train,1
c2179.mha,False,c2179.mha,train,0
c2180.mha,False,c2180.mha,train,1
c2182.mha,False,c2182.mha,val,1
c2183.mha,False,c2183.mha,train,2
c2184.mha,False,c2184.mha,val,2
c2185.mha,False,c2185.mha,train,0
c2186.mha,False,c2186.mha,test,-1
c2187.mha,False,c2187.mha,train,1
c2188.mha,False,c2188.mha,train,2
c2189.mha,False,c2189.mha,train,2
c2190.mha,False,c2190.mha,test,-1
c2191.mha,False,c2191.mha,val,0
c2192.mha,False,c2192.mha,train,1
c2193.mha,False,c2193.mha,train,2
c2194.mha,False,c2194.mha,test,-1
c2196.mha,False,c2196.mha,train,1
c2197.mha,False,c2197.mha,train,0
c2198.mha,False,c2198.mha,train,0
c2199.mha,False,c2199.mha,train,1
c2200.mha,False,c2200.mha,train,2
c2201.mha,False,c2201.mha,train,0
c2202.mha,False,c2202.mha,val,2
c2203.mha,False,c2203.mha,test,-1
c2204.mha,False,c2204.mha,val,0
c2205.mha,False,c2205.mha,train,2
c2206.mha,False,c2206.mha,train,2
c2207.mha,False,c2207.mha,train,0
c2208.mha,False,c2208.mha,train,1
c2209.mha,False,c2209.mha,train,2
c2211.mha,False,c2211.mha,train,2
c2212.mha,False,c2212.mha,train,0
c2213.mha,False,c2213.mha,test,-1
c2214.mha,False,c2214.mha,train,0
c2215.mha,False,c2215.mha,val,0
c2216.mha,False,c2216.mha,test,-1
c2217.mha,False,c2217.mha,train,1
c2218.mha,False,c2218.mha,train,1
c2219.mha,False,c2219.mha,train,1
c2220.mha,False,c2220.mha,train,0
c2221.mha,False,c2221.mha,train,1
c2222.mha,False,c2222.mha,train,2
c2223.mha,False,c2223.mha,train,1
c2224.mha,False,c2224.mha,train,0
c2225.mha,False,c2225.mha,train,1
c2226.mha,False,c2226.mha,val,2
c2227.mha,False,c2227.mha,train,0
c2229.mha,False,c2229.mha,train,0
c2230.mha,False,c2230.mha,val,2
c2231.mha,False,c2231.mha,train,1
c2232.mha,False,c2232.mha,train,2
c2233.mha,False,c2233.mha,val,2
c2234.mha,False,c2234.mha,train,2
c2235.mha,False,c2235.mha,train,2
c2236.mha,False,c2236.mha,train,2
c2237.mha,False,c2237.mha,train,1
c2238.mha,False,c2238.mha,train,0
c2239.mha,False,c2239.mha,train,1
c2240.mha,False,c2240.mha,train,2
c2241.mha,False,c2241.mha,test,-1
c2242.mha,False,c2242.mha,test,-1
c2243.mha,False,c2243.mha,train,0
c2244.mha,False,c2244.mha,train,0
c2245.mha,False,c2245.mha,train,2
c2246.mha,False,c2246.mha,train,0
c2247.mha,False,c2247.mha,train,1
c2248.mha,False,c2248.mha,train,1
c2249.mha,False,c2249.mha,train,1
c2250.mha,False,c2250.mha,train,2
c2251.mha,False,c2251.mha,val,0
c2252.mha,False,c2252.mha,train,0
c2253.mha,False,c2253.mha,train,0
c2254.mha,False,c2254.mha,val,1
c2255.mha,False,c2255.mha,train,2
c2256.mha,False,c2256.mha,val,0
c2257.mha,False,c2257.mha,train,0
c2258.mha,False,c2258.mha,train,2
c2259.mha,False,c2259.mha,test,-1
c2260.mha,False,c2260.mha,train,0
c2261.mha,False,c2261.mha,test,-1
c2262.mha,False,c2262.mha,train,0
c2263.mha,False,c2263.mha,train,2
c2265.mha,False,c2265.mha,train,0
c2266.mha,False,c2266.mha,train,1
c2267.mha,False,c2267.mha,test,-1
c2268.mha,False,c2268.mha,train,0
c2269.mha,False,c2269.mha,val,2
c2270.mha,False,c2270.mha,train,2
c2272.mha,False,c2272.mha,train,2
c2273.mha,False,c2273.mha,train,1
c2274.mha,False,c2274.mha,train,2
c2275.mha,False,c2275.mha,train,1
c2276.mha,False,c2276.mha,train,0
c2277.mha,False,c2277.mha,train,2
c2278.mha,False,c2278.mha,train,0
c2280.mha,False,c2280.mha,test,-1
c2281.mha,False,c2281.mha,val,1
c2282.mha,False,c2282.mha,train,1
c2283.mha,False,c2283.mha,train,0
c2284.mha,False,c2284.mha,train,2
c2285.mha,False,c2285.mha,train,2
c2286.mha,False,c2286.mha,train,2
c2288.mha,False,c2288.mha,test,-1
c2289.mha,False,c2289.mha,val,0
c2290.mha,False,c2290.mha,val,0
c2291.mha,False,c2291.mha,train,1
c2292.mha,False,c2292.mha,train,0
c2293.mha,False,c2293.mha,train,0
c2294.mha,False,c2294.mha,train,0
c2295.mha,False,c2295.mha,val,0
c2296.mha,False,c2296.mha,test,-1
c2297.mha,False,c2297.mha,train,1
c2298.mha,False,c2298.mha,test,-1
c2299.mha,False,c2299.mha,train,1
c2300.mha,False,c2300.mha,train,0
c2301.mha,False,c2301.mha,train,2
c2302.mha,False,c2302.mha,train,0
c2304.mha,False,c2304.mha,train,0
c2305.mha,False,c2305.mha,test,-1
c2306.mha,False,c2306.mha,train,0
c2307.mha,False,c2307.mha,train,1
c2308.mha,False,c2308.mha,train,0
c2309.mha,False,c2309.mha,train,1
c2310.mha,False,c2310.mha,train,2
c2311.mha,False,c2311.mha,train,1
c2312.mha,False,c2312.mha,train,0
c2313.mha,False,c2313.mha,train,2
c2314.mha,False,c2314.mha,train,2
c2315.mha,False,c2315.mha,test,-1
c2316.mha,False,c2316.mha,train,0
c2317.mha,False,c2317.mha,train,0
c2318.mha,False,c2318.mha,train,1
c2319.mha,False,c2319.mha,train,0
c2320.mha,False,c2320.mha,train,0
c2321.mha,False,c2321.mha,val,0
c2322.mha,False,c2322.mha,train,1
c2323.mha,False,c2323.mha,train,2
c2324.mha,False,c2324.mha,train,0
c2325.mha,False,c2325.mha,val,2
c2326.mha,False,c2326.mha,train,0
c2327.mha,False,c2327.mha,train,0
c2328.mha,False,c2328.mha,test,-1
c2329.mha,False,c2329.mha,train,0
c2330.mha,False,c2330.mha,train,2
c2331.mha,False,c2331.mha,train,1
c2332.mha,False,c2332.mha,train,1
c2333.mha,False,c2333.mha,val,0
c2336.mha,False,c2336.mha,train,0
c2337.mha,False,c2337.mha,val,0
c2338.mha,False,c2338.mha,train,0
c2339.mha,False,c2339.mha,val,1
c2341.mha,False,c2341.mha,train,2
c2342.mha,False,c2342.mha,train,2
c2343.mha,False,c2343.mha,test,-1
c2344.mha,False,c2344.mha,train,2
c2345.mha,False,c2345.mha,train,1
c2346.mha,False,c2346.mha,train,0
c2347.mha,False,c2347.mha,train,2
c2348.mha,False,c2348.mha,train,2
c2349.mha,False,c2349.mha,train,1
c2350.mha,False,c2350.mha,train,0
c2351.mha,False,c2351.mha,train,1
c2352.mha,False,c2352.mha,test,-1
c2353.mha,False,c2353.mha,val,0
c2354.mha,False,c2354.mha,train,2
c2355.mha,False,c2355.mha,train,2
c2356.mha,False,c2356.mha,train,1
c2358.mha,False,c2358.mha,train,2
c2359.mha,False,c2359.mha,train,0
c2360.mha,False,c2360.mha,train,2
c2361.mha,False,c2361.mha,train,1
c2362.mha,False,c2362.mha,train,2
c2363.mha,False,c2363.mha,val,1
c2364.mha,False,c2364.mha,val,1
c2365.mha,False,c2365.mha,test,-1
c2366.mha,False,c2366.mha,train,1
c2367.mha,False,c2367.mha,train,0
c2368.mha,False,c2368.mha,train,2
c2369.mha,False,c2369.mha,train,1
c2370.mha,False,c2370.mha,train,0
c2371.mha,False,c2371.mha,train,2
c2372.mha,False,c2372.mha,train,1
c2373.mha,False,c2373.mha,val,0
c2374.mha,False,c2374.mha,val,1
c2375.mha,False,c2375.mha,train,0
c2376.mha,False,c2376.mha,val,2
c2377.mha,False,c2377.mha,train,2
c2378.mha,False,c2378.mha,train,2
c2379.mha,False,c2379.mha,train,0
c2380.mha,False,c2380.mha,train,1
c2382.mha,False,c2382.mha,train,0
c2383.mha,False,c2383.mha,val,1
c2384.mha,False,c2384.mha,train,0
c2385.mha,False,c2385.mha,train,1
c2386.mha,False,c2386.mha,train,2
c2387.mha,False,c2387.mha,train,1
c2388.mha,False,c2388.mha,train,1
c2389.mha,False,c2389.mha,train,0
c2390.mha,False,c2390.mha,train,1
c2391.mha,False,c2391.mha,train,1
c2392.mha,False,c2392.mha,train,0
c2393.mha,False,c2393.mha,train,1
c2394.mha,False,c2394.mha,train,1
c2395.mha,False,c2395.mha,test,-1
c2396.mha,False,c2396.mha,train,2
c2397.mha,False,c2397.mha,train,2
c2398.mha,False,c2398.mha,val,1
c2399.mha,False,c2399.mha,train,0
c2400.mha,False,c2400.mha,train,0
c2401.mha,False,c2401.mha,train,0
c2402.mha,False,c2402.mha,test,-1
c2403.mha,False,c2403.mha,train,1
c2404.mha,False,c2404.mha,train,1
c2405.mha,False,c2405.mha,train,1
c2406.mha,False,c2406.mha,train,0
c2407.mha,False,c2407.mha,val,2
c2408.mha,False,c2408.mha,train,1
c2409.mha,False,c2409.mha,val,1
c2410.mha,False,c2410.mha,val,1
c2411.mha,False,c2411.mha,test,-1
c2412.mha,False,c2412.mha,val,2
c2413.mha,False,c2413.mha,train,2
c2414.mha,False,c2414.mha,train,2
c2415.mha,False,c2415.mha,train,2
c2416.mha,False,c2416.mha,train,1
c2417.mha,False,c2417.mha,train,2
c2418.mha,False,c2418.mha,test,-1
c2419.mha,False,c2419.mha,train,2
c2420.mha,False,c2420.mha,train,0
c2421.mha,False,c2421.mha,test,-1
c2423.mha,False,c2423.mha,train,1
c2424.mha,False,c2424.mha,train,0
c2425.mha,False,c2425.mha,train,1
c2426.mha,False,c2426.mha,train,0
c2427.mha,False,c2427.mha,train,1
c2428.mha,False,c2428.mha,val,2
c2429.mha,False,c2429.mha,train,1
c2430.mha,False,c2430.mha,test,-1
c2431.mha,False,c2431.mha,val,2
c2432.mha,False,c2432.mha,train,2
c2433.mha,False,c2433.mha,test,-1
c2434.mha,False,c2434.mha,train,1
c2435.mha,False,c2435.mha,train,1
c2436.mha,False,c2436.mha,train,1
c2437.mha,False,c2437.mha,train,1
c2438.mha,False,c2438.mha,test,-1
c2439.mha,False,c2439.mha,val,2
c2440.mha,False,c2440.mha,train,1
c2441.mha,False,c2441.mha,val,1
c2442.mha,False,c2442.mha,train,0
c2443.mha,False,c2443.mha,train,2
c2444.mha,False,c2444.mha,train,0
c2445.mha,False,c2445.mha,train,0
c2446.mha,False,c2446.mha,train,2
c2447.mha,False,c2447.mha,val,2
c2448.mha,False,c2448.mha,train,2
c2449.mha,False,c2449.mha,train,1
c2450.mha,False,c2450.mha,train,1
c2451.mha,False,c2451.mha,train,2
c2452.mha,False,c2452.mha,test,-1
c2453.mha,False,c2453.mha,train,2
c2454.mha,False,c2454.mha,val,0
c2455.mha,False,c2455.mha,train,0
c2456.mha,False,c2456.mha,train,1
c2457.mha,False,c2457.mha,val,2
c2458.mha,False,c2458.mha,train,1
c2459.mha,False,c2459.mha,test,-1
c2460.mha,False,c2460.mha,train,2
c2461.mha,False,c2461.mha,val,2
c2462.mha,False,c2462.mha,train,0
c2463.mha,False,c2463.mha,train,1
c2464.mha,False,c2464.mha,train,0
c2465.mha,False,c2465.mha,val,0
c2466.mha,False,c2466.mha,train,2
c2467.mha,False,c2467.mha,test,-1
c2468.mha,False,c2468.mha,train,0
c2469.mha,False,c2469.mha,train,2
c2470.mha,False,c2470.mha,train,2
c2471.mha,False,c2471.mha,train,0
c2472.mha,False,c2472.mha,train,1
c2473.mha,False,c2473.mha,val,1
c2474.mha,False,c2474.mha,test,-1
c2475.mha,False,c2475.mha,train,2
c2476.mha,False,c2476.mha,val,0
c2477.mha,False,c2477.mha,train,1
c2478.mha,False,c2478.mha,val,2
c2479.mha,False,c2479.mha,test,-1
c2480.mha,False,c2480.mha,train,2
c2481.mha,False,c2481.mha,train,2
c2482.mha,False,c2482.mha,train,2
c2483.mha,False,c2483.mha,train,2
c2484.mha,False,c2484.mha,val,1
c2485.mha,False,c2485.mha,test,-1
c2486.mha,False,c2486.mha,train,0
c2487.mha,False,c2487.mha,val,1
c2488.mha,False,c2488.mha,test,-1
c2489.mha,False,c2489.mha,train,2
c2490.mha,False,c2490.mha,test,-1
c2491.mha,False,c2491.mha,val,2
c2492.mha,False,c2492.mha,train,1
c2493.mha,False,c2493.mha,val,2
c2494.mha,False,c2494.mha,train,1
c2495.mha,False,c2495.mha,test,-1
c2496.mha,False,c2496.mha,train,1
c2497.mha,False,c2497.mha,val,1
c2498.mha,False,c2498.mha,train,2
c2499.mha,False,c2499.mha,train,0
c2500.mha,False,c2500.mha,train,2
c2501.mha,False,c2501.mha,train,1
c2502.mha,False,c2502.mha,train,1
c2503.mha,False,c2503.mha,train,0
c2504.mha,False,c2504.mha,train,2
c2505.mha,False,c2505.mha,train,2
c2506.mha,False,c2506.mha,test,-1
c2507.mha,False,c2507.mha,train,1
c2508.mha,False,c2508.mha,val,2
c2509.mha,False,c2509.mha,train,1
c2510.mha,False,c2510.mha,train,1
c2511.mha,False,c2511.mha,train,2
c2512.mha,False,c2512.mha,train,2
c2513.mha,False,c2513.mha,train,2
c2514.mha,False,c2514.mha,train,1
c2515.mha,False,c2515.mha,test,-1
c2516.mha,False,c2516.mha,train,1
c2517.mha,False,c2517.mha,train,2
c2518.mha,False,c2518.mha,train,1
c2519.mha,False,c2519.mha,train,0
c2520.mha,False,c2520.mha,train,0
c2521.mha,False,c2521.mha,train,0
c2522.mha,False,c2522.mha,train,0
c2523.mha,False,c2523.mha,train,0
c2524.mha,False,c2524.mha,train,1
c2525.mha,False,c2525.mha,train,0
c2526.mha,False,c2526.mha,train,0
c2527.mha,False,c2527.mha,train,1
c2528.mha,False,c2528.mha,train,1
c2529.mha,False,c2529.mha,train,0
c2530.mha,False,c2530.mha,train,2
c2531.mha,False,c2531.mha,train,1
c2532.mha,False,c2532.mha,train,2
c2533.mha,False,c2533.mha,val,2
c2534.mha,False,c2534.mha,val,2
c2535.mha,False,c2535.mha,train,0
c2536.mha,False,c2536.mha,train,2
c2537.mha,False,c2537.mha,val,2
c2538.mha,False,c2538.mha,train,2
c2539.mha,False,c2539.mha,train,0
c2540.mha,False,c2540.mha,train,2
c2541.mha,False,c2541.mha,train,0
c2542.mha,False,c2542.mha,train,0
c2543.mha,False,c2543.mha,train,2
c2544.mha,False,c2544.mha,train,2
c2545.mha,False,c2545.mha,train,1
c2546.mha,False,c2546.mha,train,1
c2547.mha,False,c2547.mha,test,-1
c2548.mha,False,c2548.mha,val,0
c2549.mha,False,c2549.mha,train,0
c2550.mha,False,c2550.mha,train,0
c2551.mha,False,c2551.mha,train,1
c2552.mha,False,c2552.mha,train,0
c2553.mha,False,c2553.mha,train,2
c2554.mha,False,c2554.mha,train,0
c2555.mha,False,c2555.mha,test,-1
c2556.mha,False,c2556.mha,train,1
c2557.mha,False,c2557.mha,train,0
c2558.mha,False,c2558.mha,train,0
c2559.mha,False,c2559.mha,val,2
c2560.mha,False,c2560.mha,train,1
c2561.mha,False,c2561.mha,test,-1
c2562.mha,False,c2562.mha,train,0
c2563.mha,False,c2563.mha,train,0
c2564.mha,False,c2564.mha,train,1
c2565.mha,False,c2565.mha,train,2
c2566.mha,False,c2566.mha,test,-1
c2567.mha,False,c2567.mha,test,-1
c2568.mha,False,c2568.mha,train,1
c2569.mha,False,c2569.mha,train,2
c2570.mha,False,c2570.mha,train,0
c2571.mha,False,c2571.mha,test,-1
c2572.mha,False,c2572.mha,train,1
c2573.mha,False,c2573.mha,train,0
c2574.mha,False,c2574.mha,train,2
c2575.mha,False,c2575.mha,train,2
c2576.mha,False,c2576.mha,val,2
c2577.mha,False,c2577.mha,val,0
c2578.mha,False,c2578.mha,train,1
c2579.mha,False,c2579.mha,train,2
c2580.mha,False,c2580.mha,train,2
c2581.mha,False,c2581.mha,train,1
c2582.mha,False,c2582.mha,train,2
c2583.mha,False,c2583.mha,val,0
c2584.mha,False,c2584.mha,train,2
c2585.mha,False,c2585.mha,train,1
c2586.mha,False,c2586.mha,test,-1
c2587.mha,False,c2587.mha,train,0
c2588.mha,False,c2588.mha,train,1
c2589.mha,False,c2589.mha,train,2
c2590.mha,False,c2590.mha,train,1
c2591.mha,False,c2591.mha,train,0
c2592.mha,False,c2592.mha,val,0
c2593.mha,False,c2593.mha,train,0
c2594.mha,False,c2594.mha,train,0
c2595.mha,False,c2595.mha,test,-1
c2596.mha,False,c2596.mha,train,1
c2597.mha,False,c2597.mha,train,0
c2598.mha,False,c2598.mha,train,2
c2599.mha,False,c2599.mha,train,2
c2600.mha,False,c2600.mha,train,1
c2601.mha,False,c2601.mha,val,2
c2602.mha,False,c2602.mha,train,0
c2603.mha,False,c2603.mha,train,1
c2604.mha,False,c2604.mha,train,1
c2605.mha,False,c2605.mha,train,0
c2606.mha,False,c2606.mha,val,1
c2607.mha,False,c2607.mha,train,0
c2608.mha,False,c2608.mha,val,0
c2609.mha,False,c2609.mha,train,1
c2610.mha,False,c2610.mha,train,0
c2611.mha,False,c2611.mha,val,0
c2612.mha,False,c2612.mha,test,-1
c2613.mha,False,c2613.mha,train,1
c2614.mha,False,c2614.mha,train,0
c2615.mha,False,c2615.mha,train,1
c2616.mha,False,c2616.mha,train,0
c2617.mha,False,c2617.mha,train,1
c2618.mha,False,c2618.mha,val,1
c2619.mha,False,c2619.mha,val,1
c2620.mha,False,c2620.mha,train,2
c2621.mha,False,c2621.mha,train,1
c2622.mha,False,c2622.mha,train,0
c2623.mha,False,c2623.mha,train,0
c2624.mha,False,c2624.mha,test,-1
c2625.mha,False,c2625.mha,test,-1
c2626.mha,False,c2626.mha,test,-1
c2627.mha,False,c2627.mha,train,0
c2628.mha,False,c2628.mha,train,2
c2629.mha,False,c2629.mha,train,0
c2630.mha,False,c2630.mha,train,0
c2631.mha,False,c2631.mha,train,0
c2632.mha,False,c2632.mha,train,2
c2633.mha,False,c2633.mha,train,2
c2634.mha,False,c2634.mha,train,0
c2635.mha,False,c2635.mha,test,-1
c2636.mha,False,c2636.mha,val,1
c2637.mha,False,c2637.mha,train,1
c2638.mha,False,c2638.mha,test,-1
c2639.mha,False,c2639.mha,test,-1
c2640.mha,False,c2640.mha,test,-1
c2641.mha,False,c2641.mha,train,0
c2642.mha,False,c2642.mha,val,1
c2643.mha,False,c2643.mha,val,0
c2644.mha,False,c2644.mha,train,0
c2645.mha,False,c2645.mha,test,-1
c2646.mha,False,c2646.mha,test,-1
c2647.mha,False,c2647.mha,train,2
c2648.mha,False,c2648.mha,train,2
c2649.mha,False,c2649.mha,train,1
c2650.mha,False,c2650.mha,train,0
c2651.mha,False,c2651.mha,train,2
c2652.mha,False,c2652.mha,train,0
c2653.mha,False,c2653.mha,test,-1
c2654.mha,False,c2654.mha,train,1
c2655.mha,False,c2655.mha,train,1
c2656.mha,False,c2656.mha,test,-1
c2657.mha,False,c2657.mha,train,0
c2658.mha,False,c2658.mha,train,1
c2659.mha,False,c2659.mha,test,-1
c2660.mha,False,c2660.mha,train,1
c2661.mha,False,c2661.mha,train,1
c2662.mha,False,c2662.mha,train,1
c2663.mha,False,c2663.mha,train,0
c2665.mha,False,c2665.mha,train,2
c2666.mha,False,c2666.mha,train,0
c2667.mha,False,c2667.mha,train,0
c2668.mha,False,c2668.mha,test,-1
c2669.mha,False,c2669.mha,train,1
c2670.mha,False,c2670.mha,val,1
c2671.mha,False,c2671.mha,test,-1
c2672.mha,False,c2672.mha,train,1
c2673.mha,False,c2673.mha,train,2
c2674.mha,False,c2674.mha,train,0
c2675.mha,False,c2675.mha,val,2
c2676.mha,False,c2676.mha,train,2
c2677.mha,False,c2677.mha,train,0
c2678.mha,False,c2678.mha,train,0
c2679.mha,False,c2679.mha,train,1
c2680.mha,False,c2680.mha,test,-1
c2681.mha,False,c2681.mha,train,0
c2682.mha,False,c2682.mha,train,0
c2683.mha,False,c2683.mha,train,0
c2684.mha,False,c2684.mha,train,0
c2685.mha,False,c2685.mha,train,1
c2686.mha,False,c2686.mha,train,2
c2687.mha,False,c2687.mha,train,0
c2688.mha,False,c2688.mha,train,1
c2689.mha,False,c2689.mha,val,1
c2690.mha,False,c2690.mha,test,-1
c2692.mha,False,c2692.mha,train,2
c2693.mha,False,c2693.mha,test,-1
c2694.mha,False,c2694.mha,train,0
c2695.mha,False,c2695.mha,train,2
c2696.mha,False,c2696.mha,val,2
c2697.mha,False,c2697.mha,train,0
c2698.mha,False,c2698.mha,val,0
c2699.mha,False,c2699.mha,val,2
c2700.mha,False,c2700.mha,train,0
c2701.mha,False,c2701.mha,train,0
c2702.mha,False,c2702.mha,train,0
c2703.mha,False,c2703.mha,train,0
c2704.mha,False,c2704.mha,val,0
c2705.mha,False,c2705.mha,val,2
c2706.mha,False,c2706.mha,val,1
c2707.mha,False,c2707.mha,train,1
c2708.mha,False,c2708.mha,train,1
c2709.mha,False,c2709.mha,val,0
c2710.mha,False,c2710.mha,val,0
c2711.mha,False,c2711.mha,train,0
c2712.mha,False,c2712.mha,val,0
c2713.mha,False,c2713.mha,train,1
c2714.mha,False,c2714.mha,train,2
c2715.mha,False,c2715.mha,test,-1
c2716.mha,False,c2716.mha,train,2
c2717.mha,False,c2717.mha,test,-1
c2718.mha,False,c2718.mha,train,1
c2719.mha,False,c2719.mha,train,2
c2720.mha,False,c2720.mha,test,-1
c2721.mha,False,c2721.mha,test,-1
c2722.mha,False,c2722.mha,train,2
c2723.mha,False,c2723.mha,train,0
c2725.mha,False,c2725.mha,train,1
c2726.mha,False,c2726.mha,train,0
c2727.mha,False,c2727.mha,train,0
c2728.mha,False,c2728.mha,test,-1
c2729.mha,False,c2729.mha,train,2
c2730.mha,False,c2730.mha,val,0
c2731.mha,False,c2731.mha,train,0
c2732.mha,False,c2732.mha,train,1
c2733.mha,False,c2733.mha,train,1
c2734.mha,False,c2734.mha,train,2
c2735.mha,False,c2735.mha,train,1
c2736.mha,False,c2736.mha,train,2
c2737.mha,False,c2737.mha,train,2
c2738.mha,False,c2738.mha,test,-1
c2739.mha,False,c2739.mha,train,2
c2741.mha,False,c2741.mha,test,-1
c2742.mha,False,c2742.mha,train,1
c2743.mha,False,c2743.mha,train,0
c2744.mha,False,c2744.mha,train,0
c2745.mha,False,c2745.mha,train,1
c2746.mha,False,c2746.mha,train,2
c2747.mha,False,c2747.mha,train,1
c2748.mha,False,c2748.mha,train,1
c2749.mha,False,c2749.mha,train,0
c2750.mha,False,c2750.mha,train,2
c2751.mha,False,c2751.mha,train,0
c2752.mha,False,c2752.mha,train,2
c2753.mha,False,c2753.mha,test,-1
c2754.mha,False,c2754.mha,train,0
c2755.mha,False,c2755.mha,train,0
c2756.mha,False,c2756.mha,train,2
c2757.mha,False,c2757.mha,train,0
c2758.mha,False,c2758.mha,train,0
c2759.mha,False,c2759.mha,train,0
c2760.mha,False,c2760.mha,test,-1
c2761.mha,False,c2761.mha,val,1
c2762.mha,False,c2762.mha,train,1
c2763.mha,False,c2763.mha,val,2
c2764.mha,False,c2764.mha,train,1
c2765.mha,False,c2765.mha,train,0
c2766.mha,False,c2766.mha,train,2
c2767.mha,False,c2767.mha,train,2
c2769.mha,False,c2769.mha,val,2
c2770.mha,False,c2770.mha,train,1
c2771.mha,False,c2771.mha,train,1
c2772.mha,False,c2772.mha,train,1
c2773.mha,False,c2773.mha,train,0
c2774.mha,False,c2774.mha,train,2
c2775.mha,False,c2775.mha,train,0
c2776.mha,False,c2776.mha,train,0
c2777.mha,False,c2777.mha,test,-1
c2778.mha,False,c2778.mha,train,0
c2779.mha,False,c2779.mha,test,-1
c2780.mha,False,c2780.mha,test,-1
c2781.mha,False,c2781.mha,train,1
c2782.mha,False,c2782.mha,train,2
c2783.mha,False,c2783.mha,test,-1
c2784.mha,False,c2784.mha,train,1
c2785.mha,False,c2785.mha,val,0
c2786.mha,False,c2786.mha,train,2
c2787.mha,False,c2787.mha,test,-1
c2788.mha,False,c2788.mha,val,0
c2789.mha,False,c2789.mha,train,2
c2790.mha,False,c2790.mha,train,1
c2791.mha,False,c2791.mha,test,-1
c2792.mha,False,c2792.mha,val,1
c2793.mha,False,c2793.mha,train,2
c2794.mha,False,c2794.mha,val,2
c2795.mha,False,c2795.mha,train,1
c2796.mha,False,c2796.mha,train,2
c2797.mha,False,c2797.mha,val,2
c2798.mha,False,c2798.mha,train,1
c2799.mha,False,c2799.mha,train,0
c2800.mha,False,c2800.mha,train,1
c2801.mha,False,c2801.mha,train,2
c2802.mha,False,c2802.mha,val,2
c2803.mha,False,c2803.mha,train,1
c2804.mha,False,c2804.mha,train,0
c2805.mha,False,c2805.mha,train,1
c2806.mha,False,c2806.mha,train,2
c2807.mha,False,c2807.mha,train,1
c2808.mha,False,c2808.mha,train,0
c2809.mha,False,c2809.mha,test,-1
c2810.mha,False,c2810.mha,train,1
c2811.mha,False,c2811.mha,train,0
c2812.mha,False,c2812.mha,val,2
c2813.mha,False,c2813.mha,val,0
c2814.mha,False,c2814.mha,train,0
c2815.mha,False,c2815.mha,val,1
c2816.mha,False,c2816.mha,train,1
c2817.mha,False,c2817.mha,train,1
c2818.mha,False,c2818.mha,train,2
c2819.mha,False,c2819.mha,train,0
c2820.mha,False,c2820.mha,val,0
c2821.mha,False,c2821.mha,val,0
c2822.mha,False,c2822.mha,test,-1
c2824.mha,False,c2824.mha,train,0
c2825.mha,False,c2825.mha,train,1
c2826.mha,False,c2826.mha,train,1
c2827.mha,False,c2827.mha,train,1
c2828.mha,False,c2828.mha,train,0
c2829.mha,False,c2829.mha,test,-1
c2830.mha,False,c2830.mha,train,0
c2831.mha,False,c2831.mha,val,1
c2832.mha,False,c2832.mha,train,0
c2833.mha,False,c2833.mha,train,2
c2834.mha,False,c2834.mha,val,1
c2835.mha,False,c2835.mha,train,0
c2836.mha,False,c2836.mha,train,2
c2837.mha,False,c2837.mha,train,0
c2838.mha,False,c2838.mha,train,1
c2839.mha,False,c2839.mha,test,-1
c2840.mha,False,c2840.mha,train,1
c2841.mha,False,c2841.mha,train,2
c2842.mha,False,c2842.mha,train,2
c2843.mha,False,c2843.mha,test,-1
c2844.mha,False,c2844.mha,train,1
c2845.mha,False,c2845.mha,train,2
c2846.mha,False,c2846.mha,train,2
c2847.mha,False,c2847.mha,train,0
c2848.mha,False,c2848.mha,val,0
c2849.mha,False,c2849.mha,train,0
c2850.mha,False,c2850.mha,train,2
c2851.mha,False,c2851.mha,train,0
c2852.mha,False,c2852.mha,val,2
c2853.mha,False,c2853.mha,train,1
c2854.mha,False,c2854.mha,train,1
c2856.mha,False,c2856.mha,train,0
c2857.mha,False,c2857.mha,train,0
c2858.mha,False,c2858.mha,test,-1
c2859.mha,False,c2859.mha,train,0
c2860.mha,False,c2860.mha,val,2
c2862.mha,False,c2862.mha,train,1
c2863.mha,False,c2863.mha,train,2
c2864.mha,False,c2864.mha,train,2
c2865.mha,False,c2865.mha,train,2
c2866.mha,False,c2866.mha,train,2
c2867.mha,False,c2867.mha,train,1
c2868.mha,False,c2868.mha,train,1
c2869.mha,False,c2869.mha,test,-1
c2870.mha,False,c2870.mha,train,0
c2871.mha,False,c2871.mha,train,2
c2872.mha,False,c2872.mha,train,0
c2873.mha,False,c2873.mha,test,-1
c2874.mha,False,c2874.mha,val,0
c2875.mha,False,c2875.mha,train,1
c2876.mha,False,c2876.mha,train,2
c2877.mha,False,c2877.mha,train,0
c2878.mha,False,c2878.mha,train,0
c2879.mha,False,c2879.mha,train,2
c2880.mha,False,c2880.mha,train,2
c2881.mha,False,c2881.mha,train,0
c2882.mha,False,c2882.mha,train,0
c2883.mha,False,c2883.mha,train,2
c2884.mha,False,c2884.mha,train,2
c2885.mha,False,c2885.mha,train,0
c2886.mha,False,c2886.mha,train,1
c2887.mha,False,c2887.mha,val,0
c2888.mha,False,c2888.mha,train,0
c2889.mha,False,c2889.mha,train,1
c2890.mha,False,c2890.mha,val,1
c2891.mha,False,c2891.mha,train,0
c2892.mha,False,c2892.mha,train,1
c2893.mha,False,c2893.mha,train,2
c2894.mha,False,c2894.mha,train,0
c2895.mha,False,c2895.mha,train,2
c2896.mha,False,c2896.mha,train,1
c2897.mha,False,c2897.mha,train,1
c2898.mha,False,c2898.mha,test,-1
c2899.mha,False,c2899.mha,test,-1
c2900.mha,False,c2900.mha,train,0
c2901.mha,False,c2901.mha,train,1
c2903.mha,False,c2903.mha,train,1
c2904.mha,False,c2904.mha,train,2
c2905.mha,False,c2905.mha,val,1
c2906.mha,False,c2906.mha,train,2
c2907.mha,False,c2907.mha,test,-1
c2908.mha,False,c2908.mha,train,1
c2909.mha,False,c2909.mha,train,1
c2910.mha,False,c2910.mha,train,2
c2911.mha,False,c2911.mha,val,2
c2912.mha,False,c2912.mha,train,0
c2913.mha,False,c2913.mha,val,1
c2914.mha,False,c2914.mha,train,2
c2915.mha,False,c2915.mha,train,2
c2916.mha,False,c2916.mha,test,-1
c2917.mha,False,c2917.mha,train,1
c2918.mha,False,c2918.mha,train,1
c2919.mha,False,c2919.mha,train,1
c2920.mha,False,c2920.mha,train,0
c2921.mha,False,c2921.mha,test,-1
c2922.mha,False,c2922.mha,test,-1
c2924.mha,False,c2924.mha,train,1
c2925.mha,False,c2925.mha,train,1
c2926.mha,False,c2926.mha,train,0
c2927.mha,False,c2927.mha,train,0
c2928.mha,False,c2928.mha,test,-1
c2929.mha,False,c2929.mha,val,1
c2930.mha,False,c2930.mha,train,2
c2931.mha,False,c2931.mha,val,2
c2932.mha,False,c2932.mha,train,2
c2933.mha,False,c2933.mha,test,-1
c2934.mha,False,c2934.mha,train,1
c2935.mha,False,c2935.mha,val,2
c2936.mha,False,c2936.mha,train,2
c2937.mha,False,c2937.mha,train,1
c2938.mha,False,c2938.mha,train,0
c2939.mha,False,c2939.mha,test,-1
c2940.mha,False,c2940.mha,train,2
c2941.mha,False,c2941.mha,val,2
c2942.mha,False,c2942.mha,train,2
c2943.mha,False,c2943.mha,train,1
c2944.mha,False,c2944.mha,train,2
c2946.mha,False,c2946.mha,train,1
c2947.mha,False,c2947.mha,test,-1
c2948.mha,False,c2948.mha,train,2
c2949.mha,False,c2949.mha,train,1
c2950.mha,False,c2950.mha,train,1
c2951.mha,False,c2951.mha,train,2
c2952.mha,False,c2952.mha,train,0
c2953.mha,False,c2953.mha,test,-1
c2954.mha,False,c2954.mha,train,1
c2955.mha,False,c2955.mha,train,0
c2956.mha,False,c2956.mha,train,0
c2957.mha,False,c2957.mha,test,-1
c2958.mha,False,c2958.mha,train,0
c2959.mha,False,c2959.mha,train,2
c2960.mha,False,c2960.mha,train,2
c2961.mha,False,c2961.mha,test,-1
c2962.mha,False,c2962.mha,val,0
c2963.mha,False,c2963.mha,test,-1
c2964.mha,False,c2964.mha,val,2
c2965.mha,False,c2965.mha,train,0
c2966.mha,False,c2966.mha,train,2
c2967.mha,False,c2967.mha,train,0
c2968.mha,False,c2968.mha,train,1
c2969.mha,False,c2969.mha,train,0
c2970.mha,False,c2970.mha,train,0
c2971.mha,False,c2971.mha,train,0
c2972.mha,False,c2972.mha,test,-1
c2973.mha,False,c2973.mha,train,1
c2974.mha,False,c2974.mha,train,1
c2975.mha,False,c2975.mha,train,0
c2976.mha,False,c2976.mha,train,2
c2977.mha,False,c2977.mha,train,1
c2978.mha,False,c2978.mha,val,0
c2979.mha,False,c2979.mha,train,0
c2980.mha,False,c2980.mha,train,0
c2981.mha,False,c2981.mha,val,2
c2982.mha,False,c2982.mha,val,1
c2984.mha,False,c2984.mha,train,1
c2985.mha,False,c2985.mha,train,2
c2986.mha,False,c2986.mha,train,0
c2988.mha,False,c2988.mha,test,-1
c2989.mha,False,c2989.mha,test,-1
c2991.mha,False,c2991.mha,train,1
c2992.mha,False,c2992.mha,test,-1
c2993.mha,False,c2993.mha,train,1
c2994.mha,False,c2994.mha,train,2
c2995.mha,False,c2995.mha,val,0
c2996.mha,False,c2996.mha,train,0
c2997.mha,False,c2997.mha,train,2
c2998.mha,False,c2998.mha,train,0
c2999.mha,False,c2999.mha,train,2
c3000.mha,False,c3000.mha,train,2
c3001.mha,False,c3001.mha,train,0
c3002.mha,False,c3002.mha,train,0
c3003.mha,False,c3003.mha,train,1
c3004.mha,False,c3004.mha,train,0
c3005.mha,False,c3005.mha,train,1
c3006.mha,False,c3006.mha,train,2
c3007.mha,False,c3007.mha,train,2
c3008.mha,False,c3008.mha,test,-1
c3010.mha,False,c3010.mha,val,1
c3011.mha,False,c3011.mha,train,1
c3013.mha,False,c3013.mha,train,1
c3014.mha,False,c3014.mha,train,2
c3015.mha,False,c3015.mha,train,1
c3016.mha,False,c3016.mha,train,2
c3017.mha,False,c3017.mha,train,1
c3018.mha,False,c3018.mha,test,-1
c3019.mha,False,c3019.mha,train,1
c3020.mha,False,c3020.mha,train,1
c3022.mha,False,c3022.mha,train,1
c3023.mha,False,c3023.mha,train,0
c3025.mha,False,c3025.mha,test,-1
c3026.mha,False,c3026.mha,test,-1
c3027.mha,False,c3027.mha,train,1
c3028.mha,False,c3028.mha,train,0
c3029.mha,False,c3029.mha,val,1
c3030.mha,False,c3030.mha,train,1
c3031.mha,False,c3031.mha,train,1
c3032.mha,False,c3032.mha,train,1
c3033.mha,False,c3033.mha,train,0
c3034.mha,False,c3034.mha,train,1
c3035.mha,False,c3035.mha,train,0
c3036.mha,False,c3036.mha,test,-1
c3037.mha,False,c3037.mha,train,0
c3038.mha,False,c3038.mha,test,-1
c3039.mha,False,c3039.mha,train,0
c3040.mha,False,c3040.mha,train,2
c3041.mha,False,c3041.mha,train,0
c3042.mha,False,c3042.mha,train,1
c3043.mha,False,c3043.mha,val,1
c3044.mha,False,c3044.mha,val,1
c3045.mha,False,c3045.mha,test,-1
c3046.mha,False,c3046.mha,train,2
c3047.mha,False,c3047.mha,train,0
c3048.mha,False,c3048.mha,val,2
c3050.mha,False,c3050.mha,train,0
c3051.mha,False,c3051.mha,train,0
c3052.mha,False,c3052.mha,train,2
c3053.mha,False,c3053.mha,train,1
c3054.mha,False,c3054.mha,train,2
c3055.mha,False,c3055.mha,train,2
c3056.mha,False,c3056.mha,train,2
c3057.mha,False,c3057.mha,train,2
c3058.mha,False,c3058.mha,train,2
c3059.mha,False,c3059.mha,train,2
c3061.mha,False,c3061.mha,val,1
c3062.mha,False,c3062.mha,train,2
c3064.mha,False,c3064.mha,test,-1
c3065.mha,False,c3065.mha,train,2
c3066.mha,False,c3066.mha,train,2
c3067.mha,False,c3067.mha,train,2
c3068.mha,False,c3068.mha,train,0
c3069.mha,False,c3069.mha,train,2
c3070.mha,False,c3070.mha,train,0
c3071.mha,False,c3071.mha,train,2
c3072.mha,False,c3072.mha,train,1
c3073.mha,False,c3073.mha,train,0
c3074.mha,False,c3074.mha,train,2
c3075.mha,False,c3075.mha,train,1
c3076.mha,False,c3076.mha,train,1
c3077.mha,False,c3077.mha,val,0
c3078.mha,False,c3078.mha,train,2
c3079.mha,False,c3079.mha,train,1
c3080.mha,False,c3080.mha,train,1
c3081.mha,False,c3081.mha,train,1
c3082.mha,False,c3082.mha,train,1
c3083.mha,False,c3083.mha,test,-1
c3084.mha,False,c3084.mha,train,0
c3085.mha,False,c3085.mha,train,1
c3086.mha,False,c3086.mha,train,1
c3087.mha,False,c3087.mha,train,1
c3088.mha,False,c3088.mha,val,0
c3089.mha,False,c3089.mha,train,2
c3090.mha,False,c3090.mha,train,2
c3091.mha,False,c3091.mha,train,0
c3092.mha,False,c3092.mha,train,2
c3093.mha,False,c3093.mha,train,1
c3094.mha,False,c3094.mha,train,0
c3095.mha,False,c3095.mha,train,1
c3096.mha,False,c3096.mha,test,-1
c3097.mha,False,c3097.mha,train,1
c3098.mha,False,c3098.mha,train,0
c3099.mha,False,c3099.mha,train,1
c3100.mha,False,c3100.mha,train,2
c3102.mha,False,c3102.mha,train,2
c3103.mha,False,c3103.mha,test,-1
c3104.mha,False,c3104.mha,val,1
c3105.mha,False,c3105.mha,train,1
c3106.mha,False,c3106.mha,train,0
c3107.mha,False,c3107.mha,val,2
c3108.mha,False,c3108.mha,test,-1
c3109.mha,False,c3109.mha,train,2
c3110.mha,False,c3110.mha,val,2
c3111.mha,False,c3111.mha,train,0
c3112.mha,False,c3112.mha,train,2
c3113.mha,False,c3113.mha,train,2
c3114.mha,False,c3114.mha,test,-1
c3115.mha,False,c3115.mha,train,2
c3116.mha,False,c3116.mha,train,0
c3117.mha,False,c3117.mha,train,1
c3118.mha,False,c3118.mha,train,2
c3119.mha,False,c3119.mha,test,-1
c3120.mha,False,c3120.mha,train,2
c3121.mha,False,c3121.mha,train,2
c3122.mha,False,c3122.mha,val,0
c3123.mha,False,c3123.mha,train,0
c3124.mha,False,c3124.mha,train,2
c3125.mha,False,c3125.mha,train,2
c3126.mha,False,c3126.mha,test,-1
c3127.mha,False,c3127.mha,train,2
c3128.mha,False,c3128.mha,train,0
c3129.mha,False,c3129.mha,train,0
c3130.mha,False,c3130.mha,test,-1
c3131.mha,False,c3131.mha,test,-1
c3132.mha,False,c3132.mha,train,2
c3133.mha,False,c3133.mha,train,2
c3134.mha,False,c3134.mha,val,1
c3135.mha,False,c3135.mha,test,-1
c3136.mha,False,c3136.mha,train,2
c3137.mha,False,c3137.mha,train,2
c3138.mha,False,c3138.mha,test,-1
c3139.mha,False,c3139.mha,train,0
c3140.mha,False,c3140.mha,val,1
c3141.mha,False,c3141.mha,test,-1
c3142.mha,False,c3142.mha,train,1
c3143.mha,False,c3143.mha,train,1
c3144.mha,False,c3144.mha,train,1
c3145.mha,False,c3145.mha,test,-1
c3146.mha,False,c3146.mha,train,0
c3147.mha,False,c3147.mha,train,0
c3148.mha,False,c3148.mha,train,0
c3149.mha,False,c3149.mha,train,0
c3150.mha,False,c3150.mha,train,2
c3151.mha,False,c3151.mha,train,2
c3152.mha,False,c3152.mha,train,1
c3153.mha,False,c3153.mha,train,2
c3154.mha,False,c3154.mha,train,2
c3155.mha,False,c3155.mha,test,-1
c3156.mha,False,c3156.mha,train,2
c3157.mha,False,c3157.mha,train,0
c3159.mha,False,c3159.mha,test,-1
c3160.mha,False,c3160.mha,test,-1
c3161.mha,False,c3161.mha,train,0
c3162.mha,False,c3162.mha,train,0
c3163.mha,False,c3163.mha,val,2
c3164.mha,False,c3164.mha,train,0
c3165.mha,False,c3165.mha,train,2
c3166.mha,False,c3166.mha,train,0
c3167.mha,False,c3167.mha,train,2
c3168.mha,False,c3168.mha,train,1
c3170.mha,False,c3170.mha,test,-1
c3171.mha,False,c3171.mha,train,1
c3172.mha,False,c3172.mha,train,0
c3173.mha,False,c3173.mha,val,1
c3174.mha,False,c3174.mha,train,2
c3175.mha,False,c3175.mha,train,2
c3176.mha,False,c3176.mha,test,-1
c3177.mha,False,c3177.mha,train,2
c3178.mha,False,c3178.mha,train,1
c3179.mha,False,c3179.mha,val,0
c3180.mha,False,c3180.mha,train,2
c3181.mha,False,c3181.mha,train,2
c3182.mha,False,c3182.mha,train,1
c3183.mha,False,c3183.mha,val,0
c3184.mha,False,c3184.mha,test,-1
c3185.mha,False,c3185.mha,train,2
c3186.mha,False,c3186.mha,train,0
c3187.mha,False,c3187.mha,val,0
c3188.mha,False,c3188.mha,test,-1
c3189.mha,False,c3189.mha,train,2
c3190.mha,False,c3190.mha,train,2
c3191.mha,False,c3191.mha,train,0
c3192.mha,False,c3192.mha,train,2
c3193.mha,False,c3193.mha,test,-1
c3194.mha,False,c3194.mha,train,0
c3195.mha,False,c3195.mha,train,2
c3196.mha,False,c3196.mha,train,1
c3197.mha,False,c3197.mha,val,2
c3198.mha,False,c3198.mha,val,2
c3199.mha,False,c3199.mha,train,0
c3200.mha,False,c3200.mha,train,0
c3201.mha,False,c3201.mha,train,1
c3202.mha,False,c3202.mha,train,0
c3203.mha,False,c3203.mha,train,0
c3204.mha,False,c3204.mha,test,-1
c3205.mha,False,c3205.mha,test,-1
c3206.mha,False,c3206.mha,val,1
c3207.mha,False,c3207.mha,train,0
c3208.mha,False,c3208.mha,train,1
c3209.mha,False,c3209.mha,train,2
c3210.mha,False,c3210.mha,train,2
c3212.mha,False,c3212.mha,train,0
c3213.mha,False,c3213.mha,test,-1
c3214.mha,False,c3214.mha,train,0
c3215.mha,False,c3215.mha,train,2
c3216.mha,False,c3216.mha,test,-1
c3217.mha,False,c3217.mha,train,2
c3218.mha,False,c3218.mha,train,1
c3219.mha,False,c3219.mha,train,2
c3220.mha,False,c3220.mha,train,0
c3221.mha,False,c3221.mha,train,1
c3222.mha,False,c3222.mha,test,-1
c3223.mha,False,c3223.mha,train,2
c3224.mha,False,c3224.mha,train,0
c3225.mha,False,c3225.mha,train,2
c3226.mha,False,c3226.mha,test,-1
c3227.mha,False,c3227.mha,train,2
c3228.mha,False,c3228.mha,train,0
c3229.mha,False,c3229.mha,train,0
c3230.mha,False,c3230.mha,val,1
c3231.mha,False,c3231.mha,train,1
c3232.mha,False,c3232.mha,test,-1
c3233.mha,False,c3233.mha,train,0
c3234.mha,False,c3234.mha,train,0
c3235.mha,False,c3235.mha,train,0
c3236.mha,False,c3236.mha,train,1
c3237.mha,False,c3237.mha,train,1
c3238.mha,False,c3238.mha,train,0
c3239.mha,False,c3239.mha,train,1
c3240.mha,False,c3240.mha,train,0
c3241.mha,False,c3241.mha,test,-1
c3242.mha,False,c3242.mha,train,0
c3243.mha,False,c3243.mha,train,1
c3244.mha,False,c3244.mha,train,1
c3245.mha,False,c3245.mha,train,1
c3246.mha,False,c3246.mha,val,0
c3248.mha,False,c3248.mha,train,2
c3249.mha,False,c3249.mha,train,2
c3250.mha,False,c3250.mha,train,1
c3251.mha,False,c3251.mha,val,2
c3252.mha,False,c3252.mha,train,1
c3253.mha,False,c3253.mha,train,0
c3254.mha,False,c3254.mha,train,0
c3255.mha,False,c3255.mha,train,2
c3256.mha,False,c3256.mha,train,2
c3257.mha,False,c3257.mha,train,0
c3258.mha,False,c3258.mha,train,1
c3259.mha,False,c3259.mha,train,2
c3260.mha,False,c3260.mha,train,0
c3261.mha,False,c3261.mha,train,2
c3262.mha,False,c3262.mha,train,1
c3263.mha,False,c3263.mha,train,2
c3264.mha,False,c3264.mha,test,-1
c3265.mha,False,c3265.mha,train,1
c3266.mha,False,c3266.mha,train,1
c3267.mha,False,c3267.mha,train,1
c3268.mha,False,c3268.mha,train,2
c3269.mha,False,c3269.mha,train,1
c3270.mha,False,c3270.mha,train,0
c3271.mha,False,c3271.mha,test,-1
c3272.mha,False,c3272.mha,train,2
c3273.mha,False,c3273.mha,val,1
c3274.mha,False,c3274.mha,train,0
c3275.mha,False,c3275.mha,test,-1
c3276.mha,False,c3276.mha,train,0
c3277.mha,False,c3277.mha,val,1
c3278.mha,False,c3278.mha,train,2
c3279.mha,False,c3279.mha,train,0
c3280.mha,False,c3280.mha,train,1
c3281.mha,False,c3281.mha,test,-1
c3282.mha,False,c3282.mha,train,1
c3283.mha,False,c3283.mha,test,-1
c3284.mha,False,c3284.mha,test,-1
c3285.mha,False,c3285.mha,val,0
c3286.mha,False,c3286.mha,val,0
c3287.mha,False,c3287.mha,train,2
c3288.mha,False,c3288.mha,train,2
c3289.mha,False,c3289.mha,train,1
c3290.mha,False,c3290.mha,train,1
c3291.mha,False,c3291.mha,test,-1
c3292.mha,False,c3292.mha,val,2
c3293.mha,False,c3293.mha,train,1
c3294.mha,False,c3294.mha,test,-1
c3295.mha,False,c3295.mha,train,2
c3297.mha,False,c3297.mha,train,0
c3298.mha,False,c3298.mha,train,0
c3299.mha,False,c3299.mha,train,1
c3300.mha,False,c3300.mha,train,2
c3301.mha,False,c3301.mha,train,2
c3302.mha,False,c3302.mha,train,2
c3303.mha,False,c3303.mha,train,0
c3304.mha,False,c3304.mha,train,1
c3305.mha,False,c3305.mha,test,-1
c3306.mha,False,c3306.mha,train,1
c3307.mha,False,c3307.mha,train,2
c3308.mha,False,c3308.mha,train,0
c3309.mha,False,c3309.mha,train,2
c3311.mha,False,c3311.mha,train,2
c3312.mha,False,c3312.mha,train,2
c3313.mha,False,c3313.mha,train,1
c3315.mha,False,c3315.mha,train,0
c3316.mha,False,c3316.mha,train,0
c3317.mha,False,c3317.mha,train,0
c3318.mha,False,c3318.mha,train,0
c3319.mha,False,c3319.mha,train,1
c3320.mha,False,c3320.mha,train,1
c3321.mha,False,c3321.mha,test,-1
c3322.mha,False,c3322.mha,train,2
c3323.mha,False,c3323.mha,train,1
c3324.mha,False,c3324.mha,train,0
c3325.mha,False,c3325.mha,train,2
c3326.mha,False,c3326.mha,train,2
c3327.mha,False,c3327.mha,train,2
c3328.mha,False,c3328.mha,test,-1
c3329.mha,False,c3329.mha,val,2
c3330.mha,False,c3330.mha,test,-1
c3331.mha,False,c3331.mha,train,0
c3332.mha,False,c3332.mha,train,2
c3333.mha,False,c3333.mha,val,2
c3334.mha,False,c3334.mha,train,1
c3335.mha,False,c3335.mha,val,1
c3336.mha,False,c3336.mha,train,2
c3337.mha,False,c3337.mha,test,-1
c3338.mha,False,c3338.mha,val,2
c3339.mha,False,c3339.mha,train,0
c3340.mha,False,c3340.mha,test,-1
c3341.mha,False,c3341.mha,val,2
c3342.mha,False,c3342.mha,train,0
c3343.mha,False,c3343.mha,train,1
c3344.mha,False,c3344.mha,train,1
c3345.mha,False,c3345.mha,train,0
c3346.mha,False,c3346.mha,train,0
c3347.mha,False,c3347.mha,val,2
c3348.mha,False,c3348.mha,train,0
c3349.mha,False,c3349.mha,train,0
c3350.mha,False,c3350.mha,val,0
c3351.mha,False,c3351.mha,train,2
c3352.mha,False,c3352.mha,val,1
c3353.mha,False,c3353.mha,val,0
c3354.mha,False,c3354.mha,train,2
c3355.mha,False,c3355.mha,train,0
c3356.mha,False,c3356.mha,test,-1
c3357.mha,False,c3357.mha,train,2
c3358.mha,False,c3358.mha,test,-1
c3359.mha,False,c3359.mha,train,0
c3361.mha,False,c3361.mha,test,-1
c3362.mha,False,c3362.mha,test,-1
c3363.mha,False,c3363.mha,train,1
c3364.mha,False,c3364.mha,train,0
c3365.mha,False,c3365.mha,test,-1
c3366.mha,False,c3366.mha,test,-1
c3367.mha,False,c3367.mha,train,2
c3368.mha,False,c3368.mha,train,0
c3369.mha,False,c3369.mha,train,0
c3370.mha,False,c3370.mha,train,1
c3371.mha,False,c3371.mha,train,1
c3372.mha,False,c3372.mha,train,2
c3373.mha,False,c3373.mha,train,2
c3374.mha,False,c3374.mha,train,1
c3375.mha,False,c3375.mha,train,0
c3376.mha,False,c3376.mha,train,0
c3377.mha,False,c3377.mha,val,0
c3379.mha,False,c3379.mha,train,2
c3380.mha,False,c3380.mha,val,2
c3381.mha,False,c3381.mha,train,1
c3382.mha,False,c3382.mha,train,1
c3383.mha,False,c3383.mha,val,1
c3384.mha,False,c3384.mha,train,2
c3385.mha,False,c3385.mha,train,1
c3386.mha,False,c3386.mha,val,0
c3387.mha,False,c3387.mha,test,-1
c3388.mha,False,c3388.mha,train,1
c3389.mha,False,c3389.mha,train,1
c3390.mha,False,c3390.mha,train,0
c3391.mha,False,c3391.mha,test,-1
c3392.mha,False,c3392.mha,train,1
c3393.mha,False,c3393.mha,train,1
c3394.mha,False,c3394.mha,train,2
c3395.mha,False,c3395.mha,train,2
c3396.mha,False,c3396.mha,train,0
c3397.mha,False,c3397.mha,train,0
c3398.mha,False,c3398.mha,test,-1
c3399.mha,False,c3399.mha,train,2
c3400.mha,False,c3400.mha,train,2
c3402.mha,False,c3402.mha,train,2
c3404.mha,False,c3404.mha,test,-1
c3405.mha,False,c3405.mha,val,2
c3406.mha,False,c3406.mha,val,2
c3407.mha,False,c3407.mha,test,-1
c3408.mha,False,c3408.mha,train,2
c3409.mha,False,c3409.mha,test,-1
c3410.mha,False,c3410.mha,train,1
c3411.mha,False,c3411.mha,test,-1
c3412.mha,False,c3412.mha,train,2
c3413.mha,False,c3413.mha,train,0
c3414.mha,False,c3414.mha,val,1
c3415.mha,False,c3415.mha,train,2
c3416.mha,False,c3416.mha,train,2
c3417.mha,False,c3417.mha,train,1
c3418.mha,False,c3418.mha,val,0
c3419.mha,False,c3419.mha,train,1
c3420.mha,False,c3420.mha,train,1
c3421.mha,False,c3421.mha,val,0
c3422.mha,False,c3422.mha,train,0
c3423.mha,False,c3423.mha,train,2
c3424.mha,False,c3424.mha,train,1
c3425.mha,False,c3425.mha,val,0
c3426.mha,False,c3426.mha,val,0
c3427.mha,False,c3427.mha,train,1
c3428.mha,False,c3428.mha,val,2
c3429.mha,False,c3429.mha,val,1
c3430.mha,False,c3430.mha,train,0
c3431.mha,False,c3431.mha,train,0
c3432.mha,False,c3432.mha,train,1
c3433.mha,False,c3433.mha,test,-1
c3434.mha,False,c3434.mha,train,2
c3435.mha,False,c3435.mha,train,0
c3437.mha,False,c3437.mha,test,-1
c3438.mha,False,c3438.mha,val,1
c3439.mha,False,c3439.mha,train,2
c3440.mha,False,c3440.mha,train,2
c3441.mha,False,c3441.mha,train,2
c3442.mha,False,c3442.mha,train,0
c3443.mha,False,c3443.mha,test,-1
c3444.mha,False,c3444.mha,train,0
c3445.mha,False,c3445.mha,val,1
c3446.mha,False,c3446.mha,train,0
c3447.mha,False,c3447.mha,train,1
c3448.mha,False,c3448.mha,train,1
c3449.mha,False,c3449.mha,train,2
c3450.mha,False,c3450.mha,test,-1
c3452.mha,False,c3452.mha,train,1
c3453.mha,False,c3453.mha,train,1
c3454.mha,False,c3454.mha,train,1
c3455.mha,False,c3455.mha,train,0
c3456.mha,False,c3456.mha,train,1
c3457.mha,False,c3457.mha,train,1
c3458.mha,False,c3458.mha,train,0
c3459.mha,False,c3459.mha,train,2
c3460.mha,False,c3460.mha,test,-1
c3461.mha,False,c3461.mha,train,1
c3462.mha,False,c3462.mha,train,2
c3463.mha,False,c3463.mha,train,2
c3464.mha,False,c3464.mha,train,0
c3465.mha,False,c3465.mha,train,0
c3466.mha,False,c3466.mha,train,2
c3467.mha,False,c3467.mha,test,-1
c3468.mha,False,c3468.mha,train,1
c3469.mha,False,c3469.mha,test,-1
c3470.mha,False,c3470.mha,test,-1
c3471.mha,False,c3471.mha,train,2
c3472.mha,False,c3472.mha,train,0
c3473.mha,False,c3473.mha,train,2
c3474.mha,False,c3474.mha,train,2
c3475.mha,False,c3475.mha,train,0
c3476.mha,False,c3476.mha,val,0
c3477.mha,False,c3477.mha,train,1
c3478.mha,False,c3478.mha,test,-1
c3479.mha,False,c3479.mha,train,0
c3480.mha,False,c3480.mha,train,0
c3481.mha,False,c3481.mha,train,2
c3482.mha,False,c3482.mha,val,0
c3483.mha,False,c3483.mha,val,0
c3484.mha,False,c3484.mha,val,1
c3485.mha,False,c3485.mha,train,1
c3486.mha,False,c3486.mha,test,-1
c3487.mha,False,c3487.mha,train,2
c3488.mha,False,c3488.mha,train,2
c3489.mha,False,c3489.mha,val,0
c3490.mha,False,c3490.mha,train,1
c3491.mha,False,c3491.mha,train,0
c3493.mha,False,c3493.mha,train,2
c3494.mha,False,c3494.mha,val,1
c3495.mha,False,c3495.mha,val,1
c3496.mha,False,c3496.mha,train,1
c3497.mha,False,c3497.mha,train,1
c3498.mha,False,c3498.mha,val,0
c3499.mha,False,c3499.mha,val,0
c3500.mha,False,c3500.mha,train,1
c3501.mha,False,c3501.mha,train,2
c3502.mha,False,c3502.mha,val,1
c3504.mha,False,c3504.mha,train,1
c3505.mha,False,c3505.mha,train,2
c3506.mha,False,c3506.mha,test,-1
c3507.mha,False,c3507.mha,train,1
c3508.mha,False,c3508.mha,train,2
c3509.mha,False,c3509.mha,train,2
c3510.mha,False,c3510.mha,test,-1
c3511.mha,False,c3511.mha,val,0
c3512.mha,False,c3512.mha,train,1
c3513.mha,False,c3513.mha,train,0
c3514.mha,False,c3514.mha,val,1
c3515.mha,False,c3515.mha,train,0
c3516.mha,False,c3516.mha,test,-1
c3517.mha,False,c3517.mha,train,2
c3518.mha,False,c3518.mha,train,0
c3519.mha,False,c3519.mha,train,0
c3520.mha,False,c3520.mha,train,1
c3521.mha,False,c3521.mha,test,-1
c3522.mha,False,c3522.mha,test,-1
c3523.mha,False,c3523.mha,train,2
c3524.mha,False,c3524.mha,train,2
c3525.mha,False,c3525.mha,val,0
c3526.mha,False,c3526.mha,train,1
c3527.mha,False,c3527.mha,val,1
c3528.mha,False,c3528.mha,train,1
c3529.mha,False,c3529.mha,train,2
c3531.mha,False,c3531.mha,train,2
c3533.mha,False,c3533.mha,test,-1
c3534.mha,False,c3534.mha,train,0
c3535.mha,False,c3535.mha,train,1
c3536.mha,False,c3536.mha,train,2
c3537.mha,False,c3537.mha,train,2
c3538.mha,False,c3538.mha,train,0
c3539.mha,False,c3539.mha,train,2
c3540.mha,False,c3540.mha,train,1
c3541.mha,False,c3541.mha,val,2
c3542.mha,False,c3542.mha,train,2
c3543.mha,False,c3543.mha,train,1
c3544.mha,False,c3544.mha,train,2
c3545.mha,False,c3545.mha,train,0
c3546.mha,False,c3546.mha,train,0
c3547.mha,False,c3547.mha,train,2
c3548.mha,False,c3548.mha,train,0
c3549.mha,False,c3549.mha,val,0
c3550.mha,False,c3550.mha,val,2
c3551.mha,False,c3551.mha,test,-1
c3552.mha,False,c3552.mha,val,0
c3553.mha,False,c3553.mha,val,0
c3554.mha,False,c3554.mha,train,2
c3555.mha,False,c3555.mha,train,1
c3557.mha,False,c3557.mha,train,0
c3558.mha,False,c3558.mha,test,-1
c3559.mha,False,c3559.mha,train,0
c3561.mha,False,c3561.mha,train,0
c3562.mha,False,c3562.mha,train,2
c3563.mha,False,c3563.mha,train,2
c3564.mha,False,c3564.mha,train,0
c3565.mha,False,c3565.mha,train,1
c3566.mha,False,c3566.mha,train,2
c3567.mha,False,c3567.mha,train,2
c3568.mha,False,c3568.mha,test,-1
c3569.mha,False,c3569.mha,train,0
c3570.mha,False,c3570.mha,train,2
c3571.mha,False,c3571.mha,val,0
c3572.mha,False,c3572.mha,train,0
c3573.mha,False,c3573.mha,val,1
c3574.mha,False,c3574.mha,train,0
c3575.mha,False,c3575.mha,train,1
c3576.mha,False,c3576.mha,test,-1
c3577.mha,False,c3577.mha,train,1
c3578.mha,False,c3578.mha,train,2
c3579.mha,False,c3579.mha,test,-1
c3580.mha,False,c3580.mha,val,1
c3581.mha,False,c3581.mha,train,1
c3582.mha,False,c3582.mha,train,2
c3583.mha,False,c3583.mha,train,2
c3584.mha,False,c3584.mha,val,1
c3585.mha,False,c3585.mha,train,1
c3586.mha,False,c3586.mha,train,0
c3587.mha,False,c3587.mha,test,-1
c3588.mha,False,c3588.mha,train,1
c3589.mha,False,c3589.mha,train,0
c3590.mha,False,c3590.mha,train,1
c3591.mha,False,c3591.mha,train,1
c3592.mha,False,c3592.mha,train,2
c3593.mha,False,c3593.mha,train,1
c3594.mha,False,c3594.mha,train,1
c3595.mha,False,c3595.mha,train,2
c3596.mha,False,c3596.mha,test,-1
c3597.mha,False,c3597.mha,train,1
c3598.mha,False,c3598.mha,test,-1
c3599.mha,False,c3599.mha,train,2
c3601.mha,False,c3601.mha,train,2
c3602.mha,False,c3602.mha,train,0
c3603.mha,False,c3603.mha,test,-1
c3604.mha,False,c3604.mha,train,2
c3605.mha,False,c3605.mha,train,2
c3606.mha,False,c3606.mha,train,0
c3607.mha,False,c3607.mha,train,1
c3608.mha,False,c3608.mha,val,1
c3609.mha,False,c3609.mha,train,1
c3610.mha,False,c3610.mha,val,2
c3611.mha,False,c3611.mha,train,1
c3612.mha,False,c3612.mha,train,1
c3614.mha,False,c3614.mha,train,1
c3615.mha,False,c3615.mha,train,2
c3616.mha,False,c3616.mha,train,1
c3617.mha,False,c3617.mha,train,0
c3618.mha,False,c3618.mha,test,-1
c3619.mha,False,c3619.mha,train,0
c3620.mha,False,c3620.mha,train,0
c3621.mha,False,c3621.mha,test,-1
c3622.mha,False,c3622.mha,train,1
c3623.mha,False,c3623.mha,test,-1
c3624.mha,False,c3624.mha,train,1
c3625.mha,False,c3625.mha,train,0
c3626.mha,False,c3626.mha,test,-1
c3627.mha,False,c3627.mha,train,2
c3628.mha,False,c3628.mha,val,1
c3629.mha,False,c3629.mha,train,1
c3630.mha,False,c3630.mha,train,0
c3631.mha,False,c3631.mha,train,0
c3632.mha,False,c3632.mha,train,2
c3633.mha,False,c3633.mha,train,1
c3634.mha,False,c3634.mha,train,1
c3635.mha,False,c3635.mha,test,-1
c3636.mha,False,c3636.mha,train,2
c3637.mha,False,c3637.mha,train,0
c3638.mha,False,c3638.mha,train,1
c3639.mha,False,c3639.mha,train,2
c3640.mha,False,c3640.mha,train,1
c3641.mha,False,c3641.mha,train,2
c3642.mha,False,c3642.mha,train,0
c3643.mha,False,c3643.mha,train,1
c3644.mha,False,c3644.mha,train,2
c3645.mha,False,c3645.mha,train,0
c3646.mha,False,c3646.mha,train,0
c3647.mha,False,c3647.mha,val,1
c3648.mha,False,c3648.mha,train,0
c3649.mha,False,c3649.mha,train,1
c3650.mha,False,c3650.mha,train,1
c3651.mha,False,c3651.mha,train,0
c3652.mha,False,c3652.mha,train,2
c3653.mha,False,c3653.mha,test,-1
c3655.mha,False,c3655.mha,test,-1
c3656.mha,False,c3656.mha,train,2
c3657.mha,False,c3657.mha,train,1
c3658.mha,False,c3658.mha,val,2
c3659.mha,False,c3659.mha,train,2
c3660.mha,False,c3660.mha,train,2
c3661.mha,False,c3661.mha,train,2
c3663.mha,False,c3663.mha,val,0
c3664.mha,False,c3664.mha,train,1
c3665.mha,False,c3665.mha,train,1
c3666.mha,False,c3666.mha,val,2
c3667.mha,False,c3667.mha,train,1
c3668.mha,False,c3668.mha,train,1
c3669.mha,False,c3669.mha,train,0
c3670.mha,False,c3670.mha,train,1
c3671.mha,False,c3671.mha,train,2
c3672.mha,False,c3672.mha,test,-1
c3673.mha,False,c3673.mha,train,0
c3674.mha,False,c3674.mha,test,-1
c3675.mha,False,c3675.mha,train,0
c3676.mha,False,c3676.mha,train,0
c3677.mha,False,c3677.mha,test,-1
c3678.mha,False,c3678.mha,train,2
c3679.mha,False,c3679.mha,val,0
c3680.mha,False,c3680.mha,test,-1
c3681.mha,False,c3681.mha,test,-1
c3682.mha,False,c3682.mha,train,0
c3684.mha,False,c3684.mha,train,1
c3685.mha,False,c3685.mha,train,0
c3686.mha,False,c3686.mha,train,1
c3687.mha,False,c3687.mha,test,-1
c3688.mha,False,c3688.mha,test,-1
c3689.mha,False,c3689.mha,val,1
c3690.mha,False,c3690.mha,test,-1
c3691.mha,False,c3691.mha,train,0
c3692.mha,False,c3692.mha,train,2
c3693.mha,False,c3693.mha,train,1
c3694.mha,False,c3694.mha,val,1
c3695.mha,False,c3695.mha,train,0
c3697.mha,False,c3697.mha,train,2
c3698.mha,False,c3698.mha,train,2
c3699.mha,False,c3699.mha,train,0
c3700.mha,False,c3700.mha,train,2
c3701.mha,False,c3701.mha,train,1
c3702.mha,False,c3702.mha,train,0
c3703.mha,False,c3703.mha,train,0
c3704.mha,False,c3704.mha,train,0
c3705.mha,False,c3705.mha,train,1
c3706.mha,False,c3706.mha,train,0
c3707.mha,False,c3707.mha,test,-1
c3708.mha,False,c3708.mha,train,0
c3709.mha,False,c3709.mha,train,2
c3710.mha,False,c3710.mha,train,2
c3711.mha,False,c3711.mha,train,0
c3712.mha,False,c3712.mha,test,-1
c3713.mha,False,c3713.mha,train,2
c3714.mha,False,c3714.mha,train,1
c3715.mha,False,c3715.mha,train,0
c3716.mha,False,c3716.mha,test,-1
c3717.mha,False,c3717.mha,val,2
c3718.mha,False,c3718.mha,val,0
c3719.mha,False,c3719.mha,train,1
c3720.mha,False,c3720.mha,train,0
c3721.mha,False,c3721.mha,train,0
c3722.mha,False,c3722.mha,test,-1
c3723.mha,False,c3723.mha,train,1
c3724.mha,False,c3724.mha,train,0
c3725.mha,False,c3725.mha,train,2
c3726.mha,False,c3726.mha,train,0
c3727.mha,False,c3727.mha,train,0
c3728.mha,False,c3728.mha,test,-1
c3729.mha,False,c3729.mha,train,1
c3730.mha,False,c3730.mha,train,0
c3732.mha,False,c3732.mha,train,2
c3733.mha,False,c3733.mha,train,2
c3734.mha,False,c3734.mha,train,1
c3735.mha,False,c3735.mha,train,0
c3736.mha,False,c3736.mha,train,1
c3737.mha,False,c3737.mha,train,1
c3738.mha,False,c3738.mha,train,2
c3739.mha,False,c3739.mha,val,1
c3740.mha,False,c3740.mha,val,2
c3741.mha,False,c3741.mha,train,1
c3742.mha,False,c3742.mha,val,1
c3743.mha,False,c3743.mha,test,-1
c3744.mha,False,c3744.mha,train,0
c3745.mha,False,c3745.mha,train,1
c3746.mha,False,c3746.mha,train,2
c3747.mha,False,c3747.mha,train,2
c3748.mha,False,c3748.mha,test,-1
c3749.mha,False,c3749.mha,train,2
c3750.mha,False,c3750.mha,train,0
c3751.mha,False,c3751.mha,test,-1
c3752.mha,False,c3752.mha,val,2
c3753.mha,False,c3753.mha,train,0
c3754.mha,False,c3754.mha,test,-1
c3755.mha,False,c3755.mha,train,1
c3756.mha,False,c3756.mha,train,0
c3757.mha,False,c3757.mha,val,1
c3759.mha,False,c3759.mha,train,2
c3760.mha,False,c3760.mha,train,1
c3762.mha,False,c3762.mha,train,2
c3763.mha,False,c3763.mha,val,1
c3764.mha,False,c3764.mha,train,0
c3765.mha,False,c3765.mha,test,-1
c3766.mha,False,c3766.mha,train,2
c3767.mha,False,c3767.mha,val,1
c3768.mha,False,c3768.mha,train,1
c3769.mha,False,c3769.mha,train,1
c3770.mha,False,c3770.mha,train,1
c3771.mha,False,c3771.mha,train,0
c3772.mha,False,c3772.mha,train,2
c3773.mha,False,c3773.mha,train,2
c3774.mha,False,c3774.mha,train,0
c3775.mha,False,c3775.mha,train,2
c3776.mha,False,c3776.mha,train,0
c3777.mha,False,c3777.mha,test,-1
c3778.mha,False,c3778.mha,train,0
c3779.mha,False,c3779.mha,train,1
c3780.mha,False,c3780.mha,test,-1
c3781.mha,False,c3781.mha,train,1
c3782.mha,False,c3782.mha,train,2
c3783.mha,False,c3783.mha,train,0
c3784.mha,False,c3784.mha,test,-1
c3786.mha,False,c3786.mha,train,2
c3787.mha,False,c3787.mha,val,0
c3788.mha,False,c3788.mha,val,0
c3790.mha,False,c3790.mha,train,1
c3791.mha,False,c3791.mha,train,2
c3792.mha,False,c3792.mha,test,-1
c3793.mha,False,c3793.mha,train,2
c3794.mha,False,c3794.mha,val,1
c3795.mha,False,c3795.mha,train,1
c3796.mha,False,c3796.mha,train,0
c3797.mha,False,c3797.mha,train,0
c3798.mha,False,c3798.mha,train,2
c3799.mha,False,c3799.mha,train,1
c3800.mha,False,c3800.mha,val,0
c3801.mha,False,c3801.mha,train,2
c3802.mha,False,c3802.mha,train,0
c3803.mha,False,c3803.mha,train,1
c3804.mha,False,c3804.mha,train,0
c3805.mha,False,c3805.mha,test,-1
c3806.mha,False,c3806.mha,train,1
c3807.mha,False,c3807.mha,val,2
c3808.mha,False,c3808.mha,val,2
c3809.mha,False,c3809.mha,train,0
c3810.mha,False,c3810.mha,train,0
c3811.mha,False,c3811.mha,val,0
c3812.mha,False,c3812.mha,train,2
c3813.mha,False,c3813.mha,test,-1
c3814.mha,False,c3814.mha,train,0
c3815.mha,False,c3815.mha,test,-1
c3816.mha,False,c3816.mha,train,1
c3817.mha,False,c3817.mha,train,0
c3819.mha,False,c3819.mha,val,0
c3820.mha,False,c3820.mha,train,1
c3821.mha,False,c3821.mha,train,2
c3822.mha,False,c3822.mha,train,1
c3823.mha,False,c3823.mha,train,2
c3824.mha,False,c3824.mha,val,2
c3825.mha,False,c3825.mha,train,0
c3826.mha,False,c3826.mha,train,1
c3827.mha,False,c3827.mha,train,0
c3828.mha,False,c3828.mha,test,-1
c3829.mha,False,c3829.mha,test,-1
c3830.mha,False,c3830.mha,train,2
c3831.mha,False,c3831.mha,train,2
c3832.mha,False,c3832.mha,train,0
c3833.mha,False,c3833.mha,test,-1
c3834.mha,False,c3834.mha,train,1
c3835.mha,False,c3835.mha,test,-1
c3836.mha,False,c3836.mha,train,1
c3837.mha,False,c3837.mha,train,1
c3838.mha,False,c3838.mha,test,-1
c3839.mha,False,c3839.mha,train,1
c3840.mha,False,c3840.mha,test,-1
c3841.mha,False,c3841.mha,train,0
c3842.mha,False,c3842.mha,train,2
c3843.mha,False,c3843.mha,val,1
c3844.mha,False,c3844.mha,train,2
c3845.mha,False,c3845.mha,train,1
c3846.mha,False,c3846.mha,val,1
c3847.mha,False,c3847.mha,train,0
c3848.mha,False,c3848.mha,val,0
c3850.mha,False,c3850.mha,train,2
c3851.mha,False,c3851.mha,train,0
c3852.mha,False,c3852.mha,val,0
c3853.mha,False,c3853.mha,val,2
c3854.mha,False,c3854.mha,val,0
c3855.mha,False,c3855.mha,train,1
c3856.mha,False,c3856.mha,train,2
c3857.mha,False,c3857.mha,test,-1
c3858.mha,False,c3858.mha,train,0
c3859.mha,False,c3859.mha,val,0
c3860.mha,False,c3860.mha,val,2
c3861.mha,False,c3861.mha,train,2
c3862.mha,False,c3862.mha,train,2
c3863.mha,False,c3863.mha,val,1
c3864.mha,False,c3864.mha,train,2
c3865.mha,False,c3865.mha,train,2
c3866.mha,False,c3866.mha,train,1
c3867.mha,False,c3867.mha,train,2
c3868.mha,False,c3868.mha,train,0
c3869.mha,False,c3869.mha,train,2
c3870.mha,False,c3870.mha,train,1
c3871.mha,False,c3871.mha,val,1
c3873.mha,False,c3873.mha,train,0
c3874.mha,False,c3874.mha,val,2
c3875.mha,False,c3875.mha,test,-1
c3876.mha,False,c3876.mha,train,0
c3877.mha,False,c3877.mha,train,1
c3878.mha,False,c3878.mha,train,0
c3879.mha,False,c3879.mha,train,2
c3880.mha,False,c3880.mha,train,2
c3882.mha,False,c3882.mha,train,1
c3883.mha,False,c3883.mha,train,1
c3884.mha,False,c3884.mha,train,1
c3885.mha,False,c3885.mha,train,1
c3886.mha,False,c3886.mha,train,2
c3887.mha,False,c3887.mha,val,1
c3888.mha,False,c3888.mha,train,0
c3889.mha,False,c3889.mha,train,0
c3890.mha,False,c3890.mha,train,1
c3891.mha,False,c3891.mha,val,1
c3893.mha,False,c3893.mha,train,2
c3894.mha,False,c3894.mha,train,2
c3895.mha,False,c3895.mha,test,-1
c3896.mha,False,c3896.mha,train,1
n0001.mha,True,n0001.mha,val,0
n0002.mha,True,n0002.mha,train,1
n0003.mha,True,n0003.mha,train,1
n0004.mha,True,n0004.mha,test,-1
n0005.mha,True,n0005.mha,train,1
n0006.mha,True,n0006.mha,train,2
n0007.mha,True,n0007.mha,train,1
n0008.mha,True,n0008.mha,train,0
n0009.mha,True,n0009.mha,train,1
n0010.mha,True,n0010.mha,train,0
n0011.mha,True,n0011.mha,test,-1
n0012.mha,True,n0012.mha,train,0
n0013.mha,True,n0013.mha,train,2
n0014.mha,True,n0014.mha,train,0
n0015.mha,True,n0015.mha,train,2
n0016.mha,True,n0016.mha,val,0
n0017.mha,True,n0017.mha,train,0
n0018.mha,True,n0018.mha,train,0
n0019.mha,True,n0019.mha,train,0
n0020.mha,True,n0020.mha,train,1
n0021.mha,True,n0021.mha,train,0
n0022.mha,True,n0022.mha,train,1
n0023.mha,True,n0023.mha,train,2
n0024.mha,True,n0024.mha,test,-1
n0025.mha,True,n0025.mha,train,1
n0026.mha,True,n0026.mha,val,1
n0027.mha,True,n0027.mha,train,1
n0028.mha,True,n0028.mha,val,2
n0029.mha,True,n0029.mha,train,2
n0030.mha,True,n0030.mha,test,-1
n0031.mha,True,n0031.mha,train,2
n0032.mha,True,n0032.mha,val,2
n0033.mha,True,n0033.mha,train,1
n0034.mha,True,n0034.mha,val,0
n0035.mha,True,n0035.mha,train,0
n0036.mha,True,n0036.mha,train,1
n0037.mha,True,n0037.mha,val,0
n0038.mha,True,n0038.mha,train,2
n0039.mha,True,n0039.mha,train,2
n0040.mha,True,n0040.mha,train,0
n0041.mha,True,n0041.mha,train,1
n0042.mha,True,n0042.mha,train,1
n0043.mha,True,n0043.mha,train,0
n0044.mha,True,n0044.mha,train,0
n0045.mha,True,n0045.mha,train,2
n0046.mha,True,n0046.mha,train,1
n0047.mha,True,n0047.mha,test,-1
n0048.mha,True,n0048.mha,test,-1
n0049.mha,True,n0049.mha,test,-1
n0050.mha,True,n0050.mha,val,0
n0051.mha,True,n0051.mha,test,-1
n0052.mha,True,n0052.mha,train,2
n0053.mha,True,n0053.mha,test,-1
n0054.mha,True,n0054.mha,train,1
n0055.mha,True,n0055.mha,train,1
n0056.mha,True,n0056.mha,val,1
n0057.mha,True,n0057.mha,val,0
n0058.mha,True,n0058.mha,val,1
n0059.mha,True,n0059.mha,val,2
n0060.mha,True,n0060.mha,val,0
n0061.mha,True,n0061.mha,test,-1
n0062.mha,True,n0062.mha,val,1
n0063.mha,True,n0063.mha,train,1
n0064.mha,True,n0064.mha,train,1
n0065.mha,True,n0065.mha,train,1
n0066.mha,True,n0066.mha,test,-1
n0067.mha,True,n0067.mha,train,1
n0068.mha,True,n0068.mha,val,2
n0069.mha,True,n0069.mha,train,1
n0070.mha,True,n0070.mha,val,2
n0071.mha,True,n0071.mha,test,-1
n0072.mha,True,n0072.mha,val,1
n0073.mha,True,n0073.mha,train,0
n0074.mha,True,n0074.mha,train,1
n0075.mha,True,n0075.mha,train,1
n0076.mha,True,n0076.mha,train,0
n0077.mha,True,n0077.mha,test,-1
n0078.mha,True,n0078.mha,train,2
n0079.mha,True,n0079.mha,val,0
n0080.mha,True,n0080.mha,test,-1
n0081.mha,True,n0081.mha,train,1
n0082.mha,True,n0082.mha,train,0
n0083.mha,True,n0083.mha,test,-1
n0084.mha,True,n0084.mha,train,2
n0085.mha,True,n0085.mha,train,0
n0086.mha,True,n0086.mha,train,2
n0087.mha,True,n0087.mha,train,1
n0088.mha,True,n0088.mha,train,1
n0089.mha,True,n0089.mha,train,2
n0090.mha,True,n0090.mha,train,1
n0091.mha,True,n0091.mha,train,0
n0092.mha,True,n0092.mha,train,0
n0093.mha,True,n0093.mha,val,2
n0094.mha,True,n0094.mha,train,0
n0095.mha,True,n0095.mha,val,0
n0096.mha,True,n0096.mha,val,2
n0097.mha,True,n0097.mha,train,1
n0098.mha,True,n0098.mha,train,1
n0099.mha,True,n0099.mha,test,-1
n0100.mha,True,n0100.mha,val,0
n0101.mha,True,n0101.mha,train,1
n0102.mha,True,n0102.mha,train,0
n0103.mha,True,n0103.mha,test,-1
n0104.mha,True,n0104.mha,test,-1
n0105.mha,True,n0105.mha,train,1
n0106.mha,True,n0106.mha,val,2
n0107.mha,True,n0107.mha,train,2
n0108.mha,True,n0108.mha,train,1
n0109.mha,True,n0109.mha,train,1
n0110.mha,True,n0110.mha,train,1
n0111.mha,True,n0111.mha,train,0
n0112.mha,True,n0112.mha,train,2
n0113.mha,True,n0113.mha,train,1
n0114.mha,True,n0114.mha,train,2
n0115.mha,True,n0115.mha,train,2
n0116.mha,True,n0116.mha,val,0
n0117.mha,True,n0117.mha,val,2
n0118.mha,True,n0118.mha,val,0
n0119.mha,True,n0119.mha,train,2
n0120.mha,True,n0120.mha,train,0
n0121.mha,True,n0121.mha,train,0
n0122.mha,True,n0122.mha,val,0
n0123.mha,True,n0123.mha,train,0
n0124.mha,True,n0124.mha,train,1
n0125.mha,True,n0125.mha,train,0
n0126.mha,True,n0126.mha,train,1
n0127.mha,True,n0127.mha,train,0
n0128.mha,True,n0128.mha,train,2
n0129.mha,True,n0129.mha,train,2
n0130.mha,True,n0130.mha,train,1
n0131.mha,True,n0131.mha,val,1
n0132.mha,True,n0132.mha,train,2
n0133.mha,True,n0133.mha,train,2
n0134.mha,True,n0134.mha,train,2
n0135.mha,True,n0135.mha,train,0
n0136.mha,True,n0136.mha,train,1
n0137.mha,True,n0137.mha,train,1
n0138.mha,True,n0138.mha,train,0
n0139.mha,True,n0139.mha,train,1
n0140.mha,True,n0140.mha,test,-1
n0141.mha,True,n0141.mha,train,1
n0142.mha,True,n0142.mha,train,0
n0143.mha,True,n0143.mha,train,0
n0144.mha,True,n0144.mha,train,1
n0145.mha,True,n0145.mha,val,1
n0146.mha,True,n0146.mha,train,2
n0147.mha,True,n0147.mha,train,1
n0148.mha,True,n0148.mha,train,2
n0149.mha,True,n0149.mha,train,1
n0150.mha,True,n0150.mha,train,0
n0151.mha,True,n0151.mha,train,2
n0152.mha,True,n0152.mha,train,1
n0153.mha,True,n0153.mha,train,1
n0154.mha,True,n0154.mha,train,2
n0155.mha,True,n0155.mha,train,2
n0156.mha,True,n0156.mha,test,-1
n0157.mha,True,n0157.mha,train,0
n0158.mha,True,n0158.mha,test,-1
n0159.mha,True,n0159.mha,train,0
n0160.mha,True,n0160.mha,val,0
n0161.mha,True,n0161.mha,train,2
n0162.mha,True,n0162.mha,train,0
n0163.mha,True,n0163.mha,train,0
n0164.mha,True,n0164.mha,train,0
n0165.mha,True,n0165.mha,train,2
n0166.mha,True,n0166.mha,train,0
n0167.mha,True,n0167.mha,test,-1
n0168.mha,True,n0168.mha,train,2
n0169.mha,True,n0169.mha,test,-1
n0170.mha,True,n0170.mha,train,0
n0171.mha,True,n0171.mha,train,2
n0172.mha,True,n0172.mha,train,1
n0173.mha,True,n0173.mha,train,2
n0174.mha,True,n0174.mha,val,0
n0175.mha,True,n0175.mha,train,1
n0176.mha,True,n0176.mha,train,0
n0177.mha,True,n0177.mha,test,-1
n0178.mha,True,n0178.mha,train,0
n0179.mha,True,n0179.mha,train,1
n0180.mha,True,n0180.mha,test,-1
n0181.mha,True,n0181.mha,val,0
n0182.mha,True,n0182.mha,test,-1
n0183.mha,True,n0183.mha,train,2
n0184.mha,True,n0184.mha,train,2
n0185.mha,True,n0185.mha,train,0
n0186.mha,True,n0186.mha,val,2
n0187.mha,True,n0187.mha,val,0
n0188.mha,True,n0188.mha,train,2
n0189.mha,True,n0189.mha,train,2
n0190.mha,True,n0190.mha,train,2
n0191.mha,True,n0191.mha,val,1
n0192.mha,True,n0192.mha,train,2
n0193.mha,True,n0193.mha,train,2
n0194.mha,True,n0194.mha,train,0
n0195.mha,True,n0195.mha,train,1
n0196.mha,True,n0196.mha,train,0
n0197.mha,True,n0197.mha,val,2
n0198.mha,True,n0198.mha,val,2
n0199.mha,True,n0199.mha,train,2
n0200.mha,True,n0200.mha,train,1
n0201.mha,True,n0201.mha,test,-1
n0202.mha,True,n0202.mha,train,2
n0203.mha,True,n0203.mha,train,0
n0204.mha,True,n0204.mha,train,2
n0205.mha,True,n0205.mha,train,0
n0206.mha,True,n0206.mha,train,1
n0207.mha,True,n0207.mha,train,0
n0208.mha,True,n0208.mha,val,0
n0209.mha,True,n0209.mha,train,1
n0210.mha,True,n0210.mha,val,1
n0211.mha,True,n0211.mha,test,-1
n0212.mha,True,n0212.mha,train,1
n0213.mha,True,n0213.mha,train,0
n0214.mha,True,n0214.mha,train,2
n0215.mha,True,n0215.mha,train,2
n0216.mha,True,n0216.mha,train,1
n0217.mha,True,n0217.mha,train,1
n0218.mha,True,n0218.mha,train,1
n0219.mha,True,n0219.mha,test,-1
n0220.mha,True,n0220.mha,val,0
n0221.mha,True,n0221.mha,test,-1
n0222.mha,True,n0222.mha,train,0
n0223.mha,True,n0223.mha,val,0
n0224.mha,True,n0224.mha,val,0
n0225.mha,True,n0225.mha,train,2
n0226.mha,True,n0226.mha,train,1
n0227.mha,True,n0227.mha,val,2
n0228.mha,True,n0228.mha,val,2
n0229.mha,True,n0229.mha,train,1
n0230.mha,True,n0230.mha,test,-1
n0231.mha,True,n0231.mha,train,0
n0232.mha,True,n0232.mha,train,2
n0233.mha,True,n0233.mha,train,2
n0234.mha,True,n0234.mha,train,2
n0235.mha,True,n0235.mha,train,1
n0236.mha,True,n0236.mha,train,2
n0237.mha,True,n0237.mha,train,2
n0238.mha,True,n0238.mha,train,2
n0239.mha,True,n0239.mha,train,1
n0240.mha,True,n0240.mha,train,2
n0241.mha,True,n0241.mha,test,-1
n0242.mha,True,n0242.mha,train,2
n0243.mha,True,n0243.mha,train,1
n0244.mha,True,n0244.mha,train,2
n0245.mha,True,n0245.mha,test,-1
n0246.mha,True,n0246.mha,train,2
n0247.mha,True,n0247.mha,val,2
n0248.mha,True,n0248.mha,test,-1
n0249.mha,True,n0249.mha,train,1
n0250.mha,True,n0250.mha,test,-1
n0251.mha,True,n0251.mha,train,1
n0252.mha,True,n0252.mha,test,-1
n0253.mha,True,n0253.mha,test,-1
n0254.mha,True,n0254.mha,test,-1
n0255.mha,True,n0255.mha,train,1
n0256.mha,True,n0256.mha,train,1
n0257.mha,True,n0257.mha,train,2
n0258.mha,True,n0258.mha,train,0
n0259.mha,True,n0259.mha,train,1
n0260.mha,True,n0260.mha,train,2
n0261.mha,True,n0261.mha,train,0
n0262.mha,True,n0262.mha,train,0
n0263.mha,True,n0263.mha,train,2
n0264.mha,True,n0264.mha,train,0
n0265.mha,True,n0265.mha,train,1
n0266.mha,True,n0266.mha,train,2
n0267.mha,True,n0267.mha,test,-1
n0268.mha,True,n0268.mha,train,2
n0269.mha,True,n0269.mha,train,0
n0270.mha,True,n0270.mha,test,-1
n0271.mha,True,n0271.mha,train,0
n0272.mha,True,n0272.mha,test,-1
n0273.mha,True,n0273.mha,train,1
n0274.mha,True,n0274.mha,train,2
n0275.mha,True,n0275.mha,train,1
n0276.mha,True,n0276.mha,train,2
n0277.mha,True,n0277.mha,test,-1
n0278.mha,True,n0278.mha,train,1
n0279.mha,True,n0279.mha,train,1
n0280.mha,True,n0280.mha,train,2
n0281.mha,True,n0281.mha,train,0
n0282.mha,True,n0282.mha,test,-1
n0283.mha,True,n0283.mha,val,2
n0284.mha,True,n0284.mha,val,1
n0285.mha,True,n0285.mha,train,2
n0286.mha,True,n0286.mha,train,0
n0287.mha,True,n0287.mha,train,2
n0288.mha,True,n0288.mha,test,-1
n0289.mha,True,n0289.mha,train,2
n0290.mha,True,n0290.mha,train,1
n0291.mha,True,n0291.mha,train,2
n0292.mha,True,n0292.mha,val,2
n0293.mha,True,n0293.mha,train,2
n0294.mha,True,n0294.mha,train,0
n0295.mha,True,n0295.mha,train,2
n0296.mha,True,n0296.mha,val,0
n0297.mha,True,n0297.mha,test,-1
n0298.mha,True,n0298.mha,test,-1
n0299.mha,True,n0299.mha,val,0
n0300.mha,True,n0300.mha,val,1
n0301.mha,True,n0301.mha,train,2
n0302.mha,True,n0302.mha,train,1
n0303.mha,True,n0303.mha,train,1
n0304.mha,True,n0304.mha,train,0
n0305.mha,True,n0305.mha,test,-1
n0306.mha,True,n0306.mha,train,0
n0307.mha,True,n0307.mha,val,0
n0308.mha,True,n0308.mha,train,2
n0309.mha,True,n0309.mha,test,-1
n0310.mha,True,n0310.mha,train,2
n0311.mha,True,n0311.mha,train,1
n0312.mha,True,n0312.mha,train,0
n0313.mha,True,n0313.mha,train,2
n0314.mha,True,n0314.mha,val,0
n0315.mha,True,n0315.mha,train,1
n0316.mha,True,n0316.mha,train,2
n0317.mha,True,n0317.mha,val,2
n0318.mha,True,n0318.mha,val,0
n0319.mha,True,n0319.mha,test,-1
n0320.mha,True,n0320.mha,val,1
n0321.mha,True,n0321.mha,train,2
n0322.mha,True,n0322.mha,train,2
n0323.mha,True,n0323.mha,train,0
n0324.mha,True,n0324.mha,train,1
n0325.mha,True,n0325.mha,test,-1
n0326.mha,True,n0326.mha,train,2
n0327.mha,True,n0327.mha,train,1
n0328.mha,True,n0328.mha,train,0
n0329.mha,True,n0329.mha,train,0
n0330.mha,True,n0330.mha,test,-1
n0331.mha,True,n0331.mha,train,0
n0332.mha,True,n0332.mha,train,2
n0333.mha,True,n0333.mha,train,1
n0334.mha,True,n0334.mha,train,1
n0335.mha,True,n0335.mha,train,0
n0336.mha,True,n0336.mha,train,0
n0337.mha,True,n0337.mha,train,0
n0338.mha,True,n0338.mha,train,2
n0339.mha,True,n0339.mha,train,0
n0340.mha,True,n0340.mha,val,2
n0341.mha,True,n0341.mha,test,-1
n0342.mha,True,n0342.mha,train,0
n0343.mha,True,n0343.mha,test,-1
n0344.mha,True,n0344.mha,train,0
n0345.mha,True,n0345.mha,test,-1
n0346.mha,True,n0346.mha,train,1
n0347.mha,True,n0347.mha,val,1
n0348.mha,True,n0348.mha,train,1
n0349.mha,True,n0349.mha,train,2
n0350.mha,True,n0350.mha,train,0
n0351.mha,True,n0351.mha,train,1
n0352.mha,True,n0352.mha,train,0
n0353.mha,True,n0353.mha,train,0
n0354.mha,True,n0354.mha,train,0
n0355.mha,True,n0355.mha,train,0
n0356.mha,True,n0356.mha,val,1
n0357.mha,True,n0357.mha,train,0
n0358.mha,True,n0358.mha,train,0
n0359.mha,True,n0359.mha,train,1
n0360.mha,True,n0360.mha,train,1
n0361.mha,True,n0361.mha,train,0
n0362.mha,True,n0362.mha,train,0
n0363.mha,True,n0363.mha,train,0
n0364.mha,True,n0364.mha,test,-1
n0365.mha,True,n0365.mha,train,1
n0366.mha,True,n0366.mha,train,1
n0367.mha,True,n0367.mha,val,1
n0368.mha,True,n0368.mha,test,-1
n0369.mha,True,n0369.mha,val,0
n0370.mha,True,n0370.mha,train,1
n0371.mha,True,n0371.mha,train,0
n0372.mha,True,n0372.mha,test,-1
n0373.mha,True,n0373.mha,test,-1
n0374.mha,True,n0374.mha,train,0
n0375.mha,True,n0375.mha,test,-1
n0376.mha,True,n0376.mha,train,0
n0377.mha,True,n0377.mha,train,1
n0378.mha,True,n0378.mha,test,-1
n0379.mha,True,n0379.mha,train,0
n0380.mha,True,n0380.mha,train,0
n0381.mha,True,n0381.mha,train,1
n0382.mha,True,n0382.mha,val,2
n0383.mha,True,n0383.mha,train,2
n0384.mha,True,n0384.mha,train,1
n0385.mha,True,n0385.mha,test,-1
n0386.mha,True,n0386.mha,train,0
n0387.mha,True,n0387.mha,train,2
n0388.mha,True,n0388.mha,train,0
n0389.mha,True,n0389.mha,train,0
n0390.mha,True,n0390.mha,train,0
n0391.mha,True,n0391.mha,train,0
n0392.mha,True,n0392.mha,test,-1
n0393.mha,True,n0393.mha,train,1
n0394.mha,True,n0394.mha,train,1
n0395.mha,True,n0395.mha,val,0
n0396.mha,True,n0396.mha,train,2
n0397.mha,True,n0397.mha,train,2
n0398.mha,True,n0398.mha,val,1
n0399.mha,True,n0399.mha,train,0
n0400.mha,True,n0400.mha,train,2
n0401.mha,True,n0401.mha,test,-1
n0402.mha,True,n0402.mha,test,-1
n0403.mha,True,n0403.mha,train,0
n0404.mha,True,n0404.mha,train,2
n0405.mha,True,n0405.mha,train,0
n0406.mha,True,n0406.mha,val,1
n0407.mha,True,n0407.mha,train,1
n0408.mha,True,n0408.mha,train,0
n0409.mha,True,n0409.mha,train,0
n0410.mha,True,n0410.mha,train,0
n0411.mha,True,n0411.mha,train,1
n0412.mha,True,n0412.mha,train,1
n0413.mha,True,n0413.mha,train,2
n0414.mha,True,n0414.mha,test,-1
n0415.mha,True,n0415.mha,train,2
n0416.mha,True,n0416.mha,train,0
n0417.mha,True,n0417.mha,val,2
n0418.mha,True,n0418.mha,train,2
n0419.mha,True,n0419.mha,test,-1
n0420.mha,True,n0420.mha,train,2
n0421.mha,True,n0421.mha,train,2
n0422.mha,True,n0422.mha,train,1
n0423.mha,True,n0423.mha,test,-1
n0424.mha,True,n0424.mha,train,1
n0425.mha,True,n0425.mha,train,2
n0426.mha,True,n0426.mha,test,-1
n0427.mha,True,n0427.mha,val,2
n0428.mha,True,n0428.mha,train,1
n0429.mha,True,n0429.mha,train,0
n0430.mha,True,n0430.mha,train,1
n0431.mha,True,n0431.mha,train,1
n0432.mha,True,n0432.mha,test,-1
n0433.mha,True,n0433.mha,train,2
n0434.mha,True,n0434.mha,train,0
n0435.mha,True,n0435.mha,train,1
n0436.mha,True,n0436.mha,train,0
n0437.mha,True,n0437.mha,train,2
n0438.mha,True,n0438.mha,train,0
n0439.mha,True,n0439.mha,train,2
n0440.mha,True,n0440.mha,train,2
n0441.mha,True,n0441.mha,test,-1
n0442.mha,True,n0442.mha,test,-1
n0443.mha,True,n0443.mha,train,0
n0444.mha,True,n0444.mha,train,1
n0445.mha,True,n0445.mha,train,1
n0446.mha,True,n0446.mha,val,0
n0447.mha,True,n0447.mha,train,0
n0448.mha,True,n0448.mha,train,2
n0449.mha,True,n0449.mha,val,0
n0450.mha,True,n0450.mha,train,1
n0451.mha,True,n0451.mha,test,-1
n0452.mha,True,n0452.mha,train,1
n0453.mha,True,n0453.mha,test,-1
n0454.mha,True,n0454.mha,train,1
n0455.mha,True,n0455.mha,train,0
n0456.mha,True,n0456.mha,val,2
n0457.mha,True,n0457.mha,val,1
n0458.mha,True,n0458.mha,train,1
n0459.mha,True,n0459.mha,train,2
n0460.mha,True,n0460.mha,train,0
n0461.mha,True,n0461.mha,test,-1
n0462.mha,True,n0462.mha,val,0
n0463.mha,True,n0463.mha,test,-1
n0464.mha,True,n0464.mha,test,-1
n0465.mha,True,n0465.mha,val,0
n0466.mha,True,n0466.mha,train,0
n0467.mha,True,n0467.mha,train,2
n0468.mha,True,n0468.mha,val,2
n0469.mha,True,n0469.mha,train,1
n0470.mha,True,n0470.mha,train,1
n0471.mha,True,n0471.mha,train,0
n0472.mha,True,n0472.mha,train,2
n0473.mha,True,n0473.mha,test,-1
n0474.mha,True,n0474.mha,train,1
n0475.mha,True,n0475.mha,train,1
n0476.mha,True,n0476.mha,train,1
n0477.mha,True,n0477.mha,train,1
n0478.mha,True,n0478.mha,train,1
n0479.mha,True,n0479.mha,test,-1
n0480.mha,True,n0480.mha,train,1
n0481.mha,True,n0481.mha,train,1
n0482.mha,True,n0482.mha,train,0
n0483.mha,True,n0483.mha,train,2
n0484.mha,True,n0484.mha,train,0
n0485.mha,True,n0485.mha,test,-1
n0486.mha,True,n0486.mha,train,1
n0487.mha,True,n0487.mha,val,1
n0488.mha,True,n0488.mha,train,2
n0489.mha,True,n0489.mha,train,1
n0490.mha,True,n0490.mha,train,0
n0491.mha,True,n0491.mha,train,2
n0492.mha,True,n0492.mha,train,2
n0493.mha,True,n0493.mha,train,1
n0494.mha,True,n0494.mha,val,1
n0495.mha,True,n0495.mha,test,-1
n0496.mha,True,n0496.mha,train,1
n0497.mha,True,n0497.mha,train,0
n0498.mha,True,n0498.mha,train,2
n0499.mha,True,n0499.mha,train,0
n0500.mha,True,n0500.mha,train,2
n0501.mha,True,n0501.mha,test,-1
n0502.mha,True,n0502.mha,train,1
n0503.mha,True,n0503.mha,train,0
n0504.mha,True,n0504.mha,train,2
n0505.mha,True,n0505.mha,train,0
n0506.mha,True,n0506.mha,train,0
n0507.mha,True,n0507.mha,train,0
n0508.mha,True,n0508.mha,train,2
n0509.mha,True,n0509.mha,train,0
n0510.mha,True,n0510.mha,val,1
n0511.mha,True,n0511.mha,train,2
n0512.mha,True,n0512.mha,train,2
n0513.mha,True,n0513.mha,train,0
n0514.mha,True,n0514.mha,train,1
n0515.mha,True,n0515.mha,train,0
n0516.mha,True,n0516.mha,val,0
n0517.mha,True,n0517.mha,train,2
n0518.mha,True,n0518.mha,train,0
n0519.mha,True,n0519.mha,train,1
n0520.mha,True,n0520.mha,train,0
n0521.mha,True,n0521.mha,test,-1
n0522.mha,True,n0522.mha,train,2
n0523.mha,True,n0523.mha,test,-1
n0524.mha,True,n0524.mha,val,1
n0525.mha,True,n0525.mha,train,2
n0526.mha,True,n0526.mha,train,1
n0527.mha,True,n0527.mha,train,1
n0528.mha,True,n0528.mha,train,0
n0529.mha,True,n0529.mha,train,2
n0530.mha,True,n0530.mha,train,0
n0531.mha,True,n0531.mha,train,2
n0532.mha,True,n0532.mha,val,2
n0533.mha,True,n0533.mha,train,2
n0534.mha,True,n0534.mha,train,0
n0535.mha,True,n0535.mha,train,1
n0536.mha,True,n0536.mha,train,2
n0537.mha,True,n0537.mha,train,0
n0538.mha,True,n0538.mha,val,2
n0539.mha,True,n0539.mha,train,2
n0540.mha,True,n0540.mha,train,0
n0541.mha,True,n0541.mha,val,0
n0542.mha,True,n0542.mha,train,1
n0543.mha,True,n0543.mha,train,1
n0544.mha,True,n0544.mha,train,0
n0545.mha,True,n0545.mha,train,0
n0546.mha,True,n0546.mha,test,-1
n0547.mha,True,n0547.mha,train,2
n0548.mha,True,n0548.mha,test,-1
n0549.mha,True,n0549.mha,test,-1
n0550.mha,True,n0550.mha,val,0
n0551.mha,True,n0551.mha,val,1
n0552.mha,True,n0552.mha,val,2
n0553.mha,True,n0553.mha,train,2
n0554.mha,True,n0554.mha,train,2
n0555.mha,True,n0555.mha,train,0
n0556.mha,True,n0556.mha,train,0
n0557.mha,True,n0557.mha,train,0
n0558.mha,True,n0558.mha,train,0
n0559.mha,True,n0559.mha,test,-1
n0560.mha,True,n0560.mha,train,0
n0561.mha,True,n0561.mha,test,-1
n0562.mha,True,n0562.mha,test,-1
n0563.mha,True,n0563.mha,train,1
n0564.mha,True,n0564.mha,train,1
n0565.mha,True,n0565.mha,test,-1
n0566.mha,True,n0566.mha,train,2
n0567.mha,True,n0567.mha,train,0
n0568.mha,True,n0568.mha,train,2
n0569.mha,True,n0569.mha,train,2
n0570.mha,True,n0570.mha,val,2
n0571.mha,True,n0571.mha,train,0
n0572.mha,True,n0572.mha,val,0
n0573.mha,True,n0573.mha,train,2
n0574.mha,True,n0574.mha,train,1
n0575.mha,True,n0575.mha,train,0
n0576.mha,True,n0576.mha,train,1
n0577.mha,True,n0577.mha,val,0
n0578.mha,True,n0578.mha,train,2
n0579.mha,True,n0579.mha,train,0
n0580.mha,True,n0580.mha,train,0
n0581.mha,True,n0581.mha,train,1
n0582.mha,True,n0582.mha,train,1
n0583.mha,True,n0583.mha,train,2
n0584.mha,True,n0584.mha,train,1
n0585.mha,True,n0585.mha,train,0
n0586.mha,True,n0586.mha,train,2
n0587.mha,True,n0587.mha,train,0
n0588.mha,True,n0588.mha,train,2
n0589.mha,True,n0589.mha,val,0
n0590.mha,True,n0590.mha,train,1
n0591.mha,True,n0591.mha,train,0
n0592.mha,True,n0592.mha,val,1
n0593.mha,True,n0593.mha,train,0
n0594.mha,True,n0594.mha,train,1
n0595.mha,True,n0595.mha,train,2
n0596.mha,True,n0596.mha,train,2
n0597.mha,True,n0597.mha,test,-1
n0598.mha,True,n0598.mha,train,2
n0599.mha,True,n0599.mha,train,2
n0600.mha,True,n0600.mha,train,2
n0601.mha,True,n0601.mha,train,1
n0602.mha,True,n0602.mha,train,2
n0603.mha,True,n0603.mha,train,1
n0604.mha,True,n0604.mha,test,-1
n0605.mha,True,n0605.mha,test,-1
n0606.mha,True,n0606.mha,train,0
n0607.mha,True,n0607.mha,test,-1
n0608.mha,True,n0608.mha,train,0
n0609.mha,True,n0609.mha,train,0
n0610.mha,True,n0610.mha,train,1
n0611.mha,True,n0611.mha,train,1
n0612.mha,True,n0612.mha,train,2
n0613.mha,True,n0613.mha,train,2
n0614.mha,True,n0614.mha,train,2
n0615.mha,True,n0615.mha,train,0
n0616.mha,True,n0616.mha,val,0
n0617.mha,True,n0617.mha,train,1
n0618.mha,True,n0618.mha,train,2
n0619.mha,True,n0619.mha,val,1
n0620.mha,True,n0620.mha,train,1
n0621.mha,True,n0621.mha,train,1
n0622.mha,True,n0622.mha,val,0
n0623.mha,True,n0623.mha,val,0
n0624.mha,True,n0624.mha,val,0
n0625.mha,True,n0625.mha,train,2
n0626.mha,True,n0626.mha,train,2
n0627.mha,True,n0627.mha,train,0
n0628.mha,True,n0628.mha,train,2
n0629.mha,True,n0629.mha,train,2
n0630.mha,True,n0630.mha,train,1
n0631.mha,True,n0631.mha,train,1
n0632.mha,True,n0632.mha,train,1
n0633.mha,True,n0633.mha,train,2
n0634.mha,True,n0634.mha,train,0
n0635.mha,True,n0635.mha,test,-1
n0636.mha,True,n0636.mha,train,1
n0637.mha,True,n0637.mha,train,2
n0638.mha,True,n0638.mha,val,1
n0639.mha,True,n0639.mha,train,1
n0640.mha,True,n0640.mha,train,1
n0641.mha,True,n0641.mha,train,1
n0642.mha,True,n0642.mha,train,0
n0643.mha,True,n0643.mha,train,1
n0644.mha,True,n0644.mha,val,0
n0645.mha,True,n0645.mha,test,-1
n0646.mha,True,n0646.mha,val,0
n0647.mha,True,n0647.mha,train,0
n0648.mha,True,n0648.mha,train,1
n0649.mha,True,n0649.mha,train,0
n0650.mha,True,n0650.mha,train,0
n0651.mha,True,n0651.mha,train,2
n0652.mha,True,n0652.mha,train,2
n0653.mha,True,n0653.mha,test,-1
n0654.mha,True,n0654.mha,train,2
n0655.mha,True,n0655.mha,val,0
n0656.mha,True,n0656.mha,train,2
n0657.mha,True,n0657.mha,test,-1
n0658.mha,True,n0658.mha,test,-1
n0659.mha,True,n0659.mha,train,1
n0660.mha,True,n0660.mha,train,2
n0661.mha,True,n0661.mha,train,2
n0662.mha,True,n0662.mha,train,2
n0663.mha,True,n0663.mha,val,2
n0664.mha,True,n0664.mha,test,-1
n0665.mha,True,n0665.mha,train,2
n0666.mha,True,n0666.mha,train,0
n0667.mha,True,n0667.mha,train,2
n0668.mha,True,n0668.mha,train,2
n0669.mha,True,n0669.mha,train,0
n0670.mha,True,n0670.mha,train,1
n0671.mha,True,n0671.mha,train,2
n0672.mha,True,n0672.mha,train,1
n0673.mha,True,n0673.mha,train,1
n0674.mha,True,n0674.mha,train,1
n0675.mha,True,n0675.mha,train,0
n0676.mha,True,n0676.mha,train,1
n0677.mha,True,n0677.mha,test,-1
n0678.mha,True,n0678.mha,val,1
n0679.mha,True,n0679.mha,test,-1
n0680.mha,True,n0680.mha,train,0
n0681.mha,True,n0681.mha,train,1
n0682.mha,True,n0682.mha,train,2
n0683.mha,True,n0683.mha,test,-1
n0684.mha,True,n0684.mha,train,1
n0685.mha,True,n0685.mha,test,-1
n0686.mha,True,n0686.mha,train,1
n0687.mha,True,n0687.mha,train,1
n0688.mha,True,n0688.mha,train,2
n0689.mha,True,n0689.mha,train,1
n0690.mha,True,n0690.mha,train,1
n0691.mha,True,n0691.mha,train,2
n0692.mha,True,n0692.mha,train,1
n0693.mha,True,n0693.mha,train,2
n0694.mha,True,n0694.mha,train,2
n0695.mha,True,n0695.mha,val,1
n0696.mha,True,n0696.mha,train,2
n0697.mha,True,n0697.mha,train,1
n0698.mha,True,n0698.mha,val,1
n0699.mha,True,n0699.mha,train,0
n0700.mha,True,n0700.mha,val,1
n0701.mha,True,n0701.mha,train,1
n0702.mha,True,n0702.mha,train,2
n0703.mha,True,n0703.mha,train,2
n0704.mha,True,n0704.mha,train,2
n0705.mha,True,n0705.mha,train,0
n0706.mha,True,n0706.mha,train,2
n0707.mha,True,n0707.mha,train,1
n0708.mha,True,n0708.mha,val,0
n0709.mha,True,n0709.mha,test,-1
n0710.mha,True,n0710.mha,train,0
n0711.mha,True,n0711.mha,train,2
n0712.mha,True,n0712.mha,train,1
n0713.mha,True,n0713.mha,train,1
n0714.mha,True,n0714.mha,train,0
n0715.mha,True,n0715.mha,test,-1
n0716.mha,True,n0716.mha,test,-1
n0717.mha,True,n0717.mha,val,2
n0718.mha,True,n0718.mha,train,2
n0719.mha,True,n0719.mha,train,0
n0720.mha,True,n0720.mha,train,0
n0721.mha,True,n0721.mha,val,1
n0722.mha,True,n0722.mha,train,0
n0723.mha,True,n0723.mha,val,0
n0724.mha,True,n0724.mha,test,-1
n0725.mha,True,n0725.mha,train,1
n0726.mha,True,n0726.mha,train,1
n0727.mha,True,n0727.mha,train,1
n0728.mha,True,n0728.mha,test,-1
n0729.mha,True,n0729.mha,test,-1
n0730.mha,True,n0730.mha,test,-1
n0731.mha,True,n0731.mha,train,2
n0732.mha,True,n0732.mha,train,1
n0733.mha,True,n0733.mha,train,1
n0734.mha,True,n0734.mha,train,1
n0735.mha,True,n0735.mha,val,0
n0736.mha,True,n0736.mha,val,1
n0737.mha,True,n0737.mha,val,1
n0738.mha,True,n0738.mha,train,1
n0739.mha,True,n0739.mha,train,2
n0740.mha,True,n0740.mha,test,-1
n0741.mha,True,n0741.mha,test,-1
n0742.mha,True,n0742.mha,train,1
n0743.mha,True,n0743.mha,train,2
n0744.mha,True,n0744.mha,test,-1
n0745.mha,True,n0745.mha,train,0
n0746.mha,True,n0746.mha,test,-1
n0747.mha,True,n0747.mha,train,0
n0748.mha,True,n0748.mha,train,0
n0749.mha,True,n0749.mha,train,1
n0750.mha,True,n0750.mha,val,1
n0751.mha,True,n0751.mha,train,2
n0752.mha,True,n0752.mha,train,1
n0753.mha,True,n0753.mha,train,2
n0754.mha,True,n0754.mha,train,2
n0755.mha,True,n0755.mha,train,0
n0756.mha,True,n0756.mha,train,1
n0757.mha,True,n0757.mha,val,1
n0758.mha,True,n0758.mha,test,-1
n0759.mha,True,n0759.mha,train,2
n0760.mha,True,n0760.mha,train,2
n0761.mha,True,n0761.mha,train,0
n0762.mha,True,n0762.mha,val,1
n0763.mha,True,n0763.mha,train,2
n0764.mha,True,n0764.mha,train,2
n0765.mha,True,n0765.mha,train,2
n0766.mha,True,n0766.mha,train,2
n0767.mha,True,n0767.mha,train,2
n0768.mha,True,n0768.mha,train,0
n0769.mha,True,n0769.mha,train,2
n0770.mha,True,n0770.mha,val,1
n0771.mha,True,n0771.mha,test,-1
n0772.mha,True,n0772.mha,train,0
n0773.mha,True,n0773.mha,train,0
n0774.mha,True,n0774.mha,test,-1
n0775.mha,True,n0775.mha,train,1
n0776.mha,True,n0776.mha,train,0
n0777.mha,True,n0777.mha,train,1
n0778.mha,True,n0778.mha,val,2
n0779.mha,True,n0779.mha,train,2
n0780.mha,True,n0780.mha,val,0
n0781.mha,True,n0781.mha,train,0
n0782.mha,True,n0782.mha,train,0
n0783.mha,True,n0783.mha,train,0
n0784.mha,True,n0784.mha,test,-1
n0785.mha,True,n0785.mha,train,2
n0786.mha,True,n0786.mha,train,1
n0787.mha,True,n0787.mha,train,1
n0788.mha,True,n0788.mha,train,2
n0789.mha,True,n0789.mha,val,2
n0790.mha,True,n0790.mha,train,1
n0791.mha,True,n0791.mha,train,2
n0792.mha,True,n0792.mha,train,0
n0793.mha,True,n0793.mha,train,1
n0794.mha,True,n0794.mha,train,0
n0795.mha,True,n0795.mha,train,1
n0796.mha,True,n0796.mha,train,2
n0797.mha,True,n0797.mha,train,0
n0798.mha,True,n0798.mha,val,2
n0799.mha,True,n0799.mha,train,2
n0800.mha,True,n0800.mha,train,2
n0801.mha,True,n0801.mha,train,2
n0802.mha,True,n0802.mha,test,-1
n0803.mha,True,n0803.mha,train,1
n0804.mha,True,n0804.mha,val,0
n0805.mha,True,n0805.mha,train,1
n0806.mha,True,n0806.mha,train,0
n0807.mha,True,n0807.mha,test,-1
n0808.mha,True,n0808.mha,train,0
n0809.mha,True,n0809.mha,train,2
n0810.mha,True,n0810.mha,train,2
n0811.mha,True,n0811.mha,train,2
n0812.mha,True,n0812.mha,train,2
n0813.mha,True,n0813.mha,train,1
n0814.mha,True,n0814.mha,train,1
n0815.mha,True,n0815.mha,train,1
n0816.mha,True,n0816.mha,train,0
n0817.mha,True,n0817.mha,train,2
n0818.mha,True,n0818.mha,test,-1
n0819.mha,True,n0819.mha,val,1
n0820.mha,True,n0820.mha,val,0
n0821.mha,True,n0821.mha,train,1
n0822.mha,True,n0822.mha,train,1
n0823.mha,True,n0823.mha,train,2
n0824.mha,True,n0824.mha,test,-1
n0825.mha,True,n0825.mha,train,0
n0826.mha,True,n0826.mha,train,2
n0827.mha,True,n0827.mha,test,-1
n0828.mha,True,n0828.mha,train,0
n0829.mha,True,n0829.mha,train,1
n0830.mha,True,n0830.mha,val,0
n0831.mha,True,n0831.mha,train,1
n0832.mha,True,n0832.mha,val,0
n0833.mha,True,n0833.mha,train,1
n0834.mha,True,n0834.mha,val,2
n0835.mha,True,n0835.mha,test,-1
n0836.mha,True,n0836.mha,train,2
n0837.mha,True,n0837.mha,val,2
n0838.mha,True,n0838.mha,val,0
n0839.mha,True,n0839.mha,train,2
n0840.mha,True,n0840.mha,train,1
n0841.mha,True,n0841.mha,train,1
n0842.mha,True,n0842.mha,train,1
n0843.mha,True,n0843.mha,train,0
n0844.mha,True,n0844.mha,test,-1
n0845.mha,True,n0845.mha,train,2
n0846.mha,True,n0846.mha,train,1
n0847.mha,True,n0847.mha,test,-1
n0848.mha,True,n0848.mha,train,1
n0849.mha,True,n0849.mha,train,1
n0850.mha,True,n0850.mha,train,2
n0851.mha,True,n0851.mha,train,0
n0852.mha,True,n0852.mha,train,0
n0853.mha,True,n0853.mha,train,0
n0854.mha,True,n0854.mha,train,2
n0855.mha,True,n0855.mha,train,1
n0856.mha,True,n0856.mha,train,1
n0857.mha,True,n0857.mha,test,-1
n0858.mha,True,n0858.mha,train,0
n0859.mha,True,n0859.mha,train,2
n0860.mha,True,n0860.mha,train,0
n0861.mha,True,n0861.mha,test,-1
n0862.mha,True,n0862.mha,val,0
n0863.mha,True,n0863.mha,val,2
n0864.mha,True,n0864.mha,train,0
n0865.mha,True,n0865.mha,train,1
n0866.mha,True,n0866.mha,test,-1
n0867.mha,True,n0867.mha,train,1
n0868.mha,True,n0868.mha,train,0
n0869.mha,True,n0869.mha,train,2
n0870.mha,True,n0870.mha,train,2
n0871.mha,True,n0871.mha,test,-1
n0872.mha,True,n0872.mha,test,-1
n0873.mha,True,n0873.mha,train,2
n0874.mha,True,n0874.mha,val,1
n0875.mha,True,n0875.mha,train,2
n0876.mha,True,n0876.mha,test,-1
n0877.mha,True,n0877.mha,test,-1
n0878.mha,True,n0878.mha,train,1
n0879.mha,True,n0879.mha,test,-1
n0880.mha,True,n0880.mha,train,2
n0881.mha,True,n0881.mha,train,2
n0882.mha,True,n0882.mha,train,2
n0883.mha,True,n0883.mha,train,2
n0884.mha,True,n0884.mha,test,-1
n0885.mha,True,n0885.mha,train,1
n0886.mha,True,n0886.mha,val,2
n0887.mha,True,n0887.mha,train,0
n0888.mha,True,n0888.mha,train,1
n0889.mha,True,n0889.mha,train,2
n0890.mha,True,n0890.mha,train,0
n0891.mha,True,n0891.mha,train,1
n0892.mha,True,n0892.mha,test,-1
n0893.mha,True,n0893.mha,train,1
n0894.mha,True,n0894.mha,train,1
n0895.mha,True,n0895.mha,train,1
n0896.mha,True,n0896.mha,train,0
n0897.mha,True,n0897.mha,train,0
n0898.mha,True,n0898.mha,val,1
n0899.mha,True,n0899.mha,train,0
n0900.mha,True,n0900.mha,test,-1
n0901.mha,True,n0901.mha,train,2
n0902.mha,True,n0902.mha,train,0
n0903.mha,True,n0903.mha,train,2
n0904.mha,True,n0904.mha,train,1
n0905.mha,True,n0905.mha,test,-1
n0906.mha,True,n0906.mha,train,2
n0907.mha,True,n0907.mha,val,1
n0908.mha,True,n0908.mha,train,1
n0909.mha,True,n0909.mha,test,-1
n0910.mha,True,n0910.mha,val,0
n0911.mha,True,n0911.mha,test,-1
n0912.mha,True,n0912.mha,train,2
n0913.mha,True,n0913.mha,train,0
n0914.mha,True,n0914.mha,test,-1
n0915.mha,True,n0915.mha,train,2
n0916.mha,True,n0916.mha,train,0
n0917.mha,True,n0917.mha,train,0
n0918.mha,True,n0918.mha,train,2
n0919.mha,True,n0919.mha,train,2
n0920.mha,True,n0920.mha,train,2
n0921.mha,True,n0921.mha,train,2
n0922.mha,True,n0922.mha,train,2
n0923.mha,True,n0923.mha,train,0
n0924.mha,True,n0924.mha,test,-1
n0925.mha,True,n0925.mha,test,-1
n0926.mha,True,n0926.mha,train,0
n0927.mha,True,n0927.mha,test,-1
n0928.mha,True,n0928.mha,test,-1
n0929.mha,True,n0929.mha,train,0
n0930.mha,True,n0930.mha,train,0
n0931.mha,True,n0931.mha,train,2
n0932.mha,True,n0932.mha,train,0
n0933.mha,True,n0933.mha,train,0
n0934.mha,True,n0934.mha,train,0
n0935.mha,True,n0935.mha,train,2
n0936.mha,True,n0936.mha,test,-1
n0937.mha,True,n0937.mha,train,1
n0938.mha,True,n0938.mha,train,0
n0939.mha,True,n0939.mha,val,0
n0940.mha,True,n0940.mha,train,1
n0941.mha,True,n0941.mha,train,0
n0942.mha,True,n0942.mha,val,1
n0943.mha,True,n0943.mha,train,1
n0944.mha,True,n0944.mha,train,0
n0945.mha,True,n0945.mha,train,1
n0946.mha,True,n0946.mha,train,0
n0947.mha,True,n0947.mha,train,1
n0948.mha,True,n0948.mha,val,0
n0949.mha,True,n0949.mha,train,0
n0950.mha,True,n0950.mha,train,1
n0951.mha,True,n0951.mha,val,2
n0952.mha,True,n0952.mha,test,-1
n0953.mha,True,n0953.mha,test,-1
n0954.mha,True,n0954.mha,val,0
n0955.mha,True,n0955.mha,train,0
n0956.mha,True,n0956.mha,train,1
n0957.mha,True,n0957.mha,train,2
n0958.mha,True,n0958.mha,train,1
n0959.mha,True,n0959.mha,train,1
n0960.mha,True,n0960.mha,train,0
n0961.mha,True,n0961.mha,train,1
n0962.mha,True,n0962.mha,test,-1
n0963.mha,True,n0963.mha,train,0
n0964.mha,True,n0964.mha,train,2
n0965.mha,True,n0965.mha,train,2
n0966.mha,True,n0966.mha,train,1
n0967.mha,True,n0967.mha,train,2
n0968.mha,True,n0968.mha,train,2
n0969.mha,True,n0969.mha,val,1
n0970.mha,True,n0970.mha,train,2
n0971.mha,True,n0971.mha,val,0
n0972.mha,True,n0972.mha,val,0
n0973.mha,True,n0973.mha,train,0
n0974.mha,True,n0974.mha,train,0
n0975.mha,True,n0975.mha,train,1
n0976.mha,True,n0976.mha,train,1
n0977.mha,True,n0977.mha,test,-1
n0978.mha,True,n0978.mha,train,1
n0979.mha,True,n0979.mha,train,1
n0980.mha,True,n0980.mha,train,0
n0981.mha,True,n0981.mha,train,1
n0982.mha,True,n0982.mha,test,-1
n0983.mha,True,n0983.mha,train,0
n0984.mha,True,n0984.mha,val,0
n0985.mha,True,n0985.mha,train,2
n0986.mha,True,n0986.mha,val,0
n0987.mha,True,n0987.mha,train,0
n0988.mha,True,n0988.mha,train,2
n0989.mha,True,n0989.mha,train,1
n0990.mha,True,n0990.mha,train,2
n0991.mha,True,n0991.mha,test,-1
n0992.mha,True,n0992.mha,val,1
n0993.mha,True,n0993.mha,val,0
n0994.mha,True,n0994.mha,train,2
n0995.mha,True,n0995.mha,test,-1
n0996.mha,True,n0996.mha,test,-1
n0997.mha,True,n0997.mha,val,0
n0998.mha,True,n0998.mha,val,2
n0999.mha,True,n0999.mha,train,0
n1000.mha,True,n1000.mha,train,1
n1001.mha,True,n1001.mha,train,2
n1002.mha,True,n1002.mha,test,-1
n1003.mha,True,n1003.mha,train,2
n1004.mha,True,n1004.mha,train,2
n1005.mha,True,n1005.mha,train,1
n1006.mha,True,n1006.mha,train,2
n1007.mha,True,n1007.mha,train,1
n1008.mha,True,n1008.mha,train,0
n1009.mha,True,n1009.mha,train,0
n1010.mha,True,n1010.mha,val,2
n1011.mha,True,n1011.mha,test,-1
n1012.mha,True,n1012.mha,test,-1
n1013.mha,True,n1013.mha,train,2
n1014.mha,True,n1014.mha,train,2
n1015.mha,True,n1015.mha,train,1
n1016.mha,True,n1016.mha,train,0
n1017.mha,True,n1017.mha,val,0
n1018.mha,True,n1018.mha,val,1
n1019.mha,True,n1019.mha,test,-1
n1020.mha,True,n1020.mha,train,0
n1021.mha,True,n1021.mha,train,0
n1022.mha,True,n1022.mha,train,2
n1023.mha,True,n1023.mha,train,1
n1024.mha,True,n1024.mha,train,2
n1025.mha,True,n1025.mha,train,2
n1026.mha,True,n1026.mha,train,0
n1027.mha,True,n1027.mha,train,0
n1028.mha,True,n1028.mha,train,2
n1029.mha,True,n1029.mha,train,2
n1030.mha,True,n1030.mha,train,0
n1031.mha,True,n1031.mha,train,2
n1032.mha,True,n1032.mha,train,2
n1033.mha,True,n1033.mha,train,2
n1034.mha,True,n1034.mha,train,0
n1035.mha,True,n1035.mha,train,2
n1036.mha,True,n1036.mha,train,1
n1037.mha,True,n1037.mha,test,-1
n1038.mha,True,n1038.mha,val,1
n1039.mha,True,n1039.mha,train,1
n1040.mha,True,n1040.mha,train,0
n1041.mha,True,n1041.mha,train,0
n1042.mha,True,n1042.mha,val,2
n1043.mha,True,n1043.mha,train,1
n1044.mha,True,n1044.mha,train,0
n1045.mha,True,n1045.mha,train,1
n1046.mha,True,n1046.mha,train,1
n1047.mha,True,n1047.mha,train,0
n1048.mha,True,n1048.mha,train,2
n1049.mha,True,n1049.mha,train,0
n1050.mha,True,n1050.mha,train,2
n1051.mha,True,n1051.mha,test,-1
n1052.mha,True,n1052.mha,val,2
n1053.mha,True,n1053.mha,train,1
n1054.mha,True,n1054.mha,val,0
n1055.mha,True,n1055.mha,train,1
n1056.mha,True,n1056.mha,val,1
n1057.mha,True,n1057.mha,train,1
n1058.mha,True,n1058.mha,train,1
n1059.mha,True,n0507.mha,train,0
n1060.mha,True,n1060.mha,train,2
n1061.mha,True,n1061.mha,train,0
n1062.mha,True,n1062.mha,val,0
n1063.mha,True,n1063.mha,train,1
n1064.mha,True,n1064.mha,train,1
n1065.mha,True,n1065.mha,train,1
n1066.mha,True,n1066.mha,train,1
n1067.mha,True,n1067.mha,train,2
n1068.mha,True,n1068.mha,test,-1
n1069.mha,True,n1069.mha,val,2
n1070.mha,True,n1070.mha,train,2
n1071.mha,True,n1071.mha,train,2
n1072.mha,True,n1072.mha,val,1
n1073.mha,True,n1073.mha,val,2
n1074.mha,True,n1074.mha,train,2
n1075.mha,True,n1075.mha,val,1
n1076.mha,True,n1076.mha,train,2
n1077.mha,True,n1077.mha,train,2
n1078.mha,True,n1078.mha,val,1
n1079.mha,True,n1079.mha,train,2
n1080.mha,True,n1080.mha,train,0
n1081.mha,True,n1081.mha,train,2
n1082.mha,True,n1082.mha,test,-1
n1083.mha,True,n1083.mha,test,-1
n1084.mha,True,n1084.mha,train,2
n1085.mha,True,n1085.mha,train,2
n1086.mha,True,n1086.mha,train,0
n1087.mha,True,n1087.mha,train,0
n1088.mha,True,n1088.mha,train,2
n1089.mha,True,n1089.mha,train,1
n1090.mha,True,n1090.mha,test,-1
n1091.mha,True,n1091.mha,train,0
n1092.mha,True,n1092.mha,train,1
n1093.mha,True,n1093.mha,train,0
n1094.mha,True,n1094.mha,test,-1
n1095.mha,True,n1095.mha,test,-1
n1096.mha,True,n1096.mha,test,-1
n1097.mha,True,n1097.mha,train,1
n1098.mha,True,n1098.mha,train,2
n1099.mha,True,n1099.mha,train,2
n1100.mha,True,n1100.mha,train,2
n1101.mha,True,n1101.mha,val,0
n1102.mha,True,n1102.mha,train,2
n1103.mha,True,n1103.mha,train,0
n1104.mha,True,n1104.mha,train,2
n1105.mha,True,n1105.mha,train,2
n1106.mha,True,n1106.mha,train,2
n1107.mha,True,n1107.mha,train,2
n1108.mha,True,n1108.mha,val,1
n1109.mha,True,n1109.mha,val,1
n1110.mha,True,n1110.mha,val,1
n1111.mha,True,n1111.mha,train,0
n1112.mha,True,n1112.mha,train,1
n1113.mha,True,n1113.mha,train,1
n1114.mha,True,n1114.mha,train,1
n1115.mha,True,n1115.mha,train,2
n1116.mha,True,n1116.mha,train,1
n1117.mha,True,n1117.mha,train,0
n1118.mha,True,n1118.mha,train,0
n1119.mha,True,n1119.mha,val,0
n1120.mha,True,n1120.mha,val,2
n1121.mha,True,n1121.mha,test,-1
n1122.mha,True,n1122.mha,train,1
n1123.mha,True,n1123.mha,val,0
n1124.mha,True,n1124.mha,train,1
n1125.mha,True,n1125.mha,train,0
n1126.mha,True,n1126.mha,train,0
n1127.mha,True,n1127.mha,train,0
n1128.mha,True,n1128.mha,train,2
n1129.mha,True,n1129.mha,train,1
n1130.mha,True,n1130.mha,val,0
n1131.mha,True,n1131.mha,train,1
n1132.mha,True,n1132.mha,train,2
n1133.mha,True,n1133.mha,test,-1
n1134.mha,True,n1134.mha,train,1
